contract_id,client_id,effective_date,sla_ontime_pct,credit_terms
CON-0042-01,CLI-0042,2023-11-14,97.0,"1.0% of monthly spend credited per full percentage point below the SLA on-time target, capped at 10% of monthly spend."
CON-0007-01,CLI-0007,2022-04-16,97.0,"1.0% of monthly spend credited per full percentage point below the SLA on-time target, capped at 10% of monthly spend."
CON-0155-01,CLI-0155,2023-07-28,95.0,"1.0% of monthly spend credited per full percentage point below the SLA on-time target, capped at 10% of monthly spend."
CON-0169-01,CLI-0169,2024-06-24,95.0,"1.0% of monthly spend credited per full percentage point below the SLA on-time target, capped at 10% of monthly spend."
CON-0201-01,CLI-0201,2024-06-14,92.0,"1.0% of monthly spend credited per full percentage point below the SLA on-time target, capped at 10% of monthly spend."
CON-0007-00,CLI-0007,2020-04-16,96.0,"1.0% of monthly spend credited per full percentage point below the SLA on-time target, capped at 10% of monthly spend."
CON-0155-00,CLI-0155,2021-07-28,94.0,"1.0% of monthly spend credited per full percentage point below the SLA on-time target, capped at 10% of monthly spend."
CON-0042-00,CLI-0042,2021-11-14,95.5,"1.0% of monthly spend credited per full percentage point below the SLA on-time target, capped at 10% of monthly spend."
CON-0201-00,CLI-0201,2022-06-14,91.0,"1.0% of monthly spend credited per full percentage point below the SLA on-time target, capped at 10% of monthly spend."
CON-0169-00,CLI-0169,2022-06-24,94.0,"1.0% of monthly spend credited per full percentage point below the SLA on-time target, capped at 10% of monthly spend."
CON-0042-02,CLI-0042,2025-05-12,97.0,"1.0% of monthly spend credited per full percentage point below the SLA on-time target, capped at 10% of monthly spend."
