cost_month,hub_id,fuel_cost,maintenance_cost,subcontractor_cost,facility_cost,technology_cost,total_cost
2020-01-01,HUB-CHI,39964,0,11104,41040,4350,96458
2020-01-01,HUB-CIN,39284,0,10915,41040,4095,95334
2020-01-01,HUB-CMH,38566,0,10715,56160,4435,109876
2020-01-01,HUB-DET,40606,0,11282,41040,4010,96938
2020-01-01,HUB-IND,39756,0,11046,32400,4350,87552
2020-02-01,HUB-CHI,39263,0,11104,41040,4350,95757
2020-02-01,HUB-CIN,38595,0,10915,41040,4095,94645
2020-02-01,HUB-CMH,37889,0,10715,56160,4435,109199
2020-02-01,HUB-DET,39894,0,11282,41040,4010,96226
2020-02-01,HUB-IND,39059,0,11046,32400,4350,86855
2020-03-01,HUB-CHI,36458,0,11104,39140,4350,91052
2020-03-01,HUB-CIN,35838,0,10915,39140,4095,89988
2020-03-01,HUB-CMH,35183,0,10715,53560,4435,103893
2020-03-01,HUB-DET,37044,0,11282,39140,4010,91476
2020-03-01,HUB-IND,36269,0,11046,30900,4350,82565
2020-04-01,HUB-CHI,34706,0,11104,38000,4350,88160
2020-04-01,HUB-CIN,34115,0,10915,38000,4095,87125
2020-04-01,HUB-CMH,33491,0,10715,52000,4435,100641
2020-04-01,HUB-DET,35263,0,11282,38000,4010,88555
2020-04-01,HUB-IND,34525,0,11046,30000,4350,79921
2020-05-01,HUB-CHI,34004,0,11104,37620,4350,87078
2020-05-01,HUB-CIN,33426,0,10915,37620,4095,86056
2020-05-01,HUB-CMH,32815,0,10715,51480,4435,99445
2020-05-01,HUB-DET,34551,0,11282,37620,4010,87463
2020-05-01,HUB-IND,33828,0,11046,29700,4350,78924
2020-06-01,HUB-CHI,34706,0,11104,38000,4350,88160
2020-06-01,HUB-CIN,34115,0,10915,38000,4095,87125
2020-06-01,HUB-CMH,33491,0,10715,52000,4435,100641
2020-06-01,HUB-DET,35263,0,11282,38000,4010,88555
2020-06-01,HUB-IND,34525,0,11046,30000,4350,79921
2020-07-01,HUB-CHI,35757,0,11104,38760,4350,89971
2020-07-01,HUB-CIN,35149,0,10915,38760,4095,88919
2020-07-01,HUB-CMH,34506,0,10715,53040,4435,102696
2020-07-01,HUB-DET,36332,0,11282,38760,4010,90384
2020-07-01,HUB-IND,35571,0,11046,30600,4350,81567
2020-08-01,HUB-CHI,35757,0,11104,38760,4350,89971
2020-08-01,HUB-CIN,35149,0,10915,38760,4095,88919
2020-08-01,HUB-CMH,34506,0,10715,53040,4435,102696
2020-08-01,HUB-DET,36332,0,11282,38760,4010,90384
2020-08-01,HUB-IND,35571,0,11046,30600,4350,81567
2020-09-01,HUB-CHI,34706,0,11104,37620,4350,87780
2020-09-01,HUB-CIN,34115,0,10915,37620,4095,86745
2020-09-01,HUB-CMH,33491,0,10715,51480,4435,100121
2020-09-01,HUB-DET,35263,0,11282,37620,4010,88175
2020-09-01,HUB-IND,34525,0,11046,29700,4350,79621
2020-10-01,HUB-CHI,35056,0,11104,38000,4350,88510
2020-10-01,HUB-CIN,34459,0,10915,38000,4095,87469
2020-10-01,HUB-CMH,33830,0,10715,52000,4435,100980
2020-10-01,HUB-DET,35620,0,11282,38000,4010,88912
2020-10-01,HUB-IND,34874,0,11046,30000,4350,80270
2020-11-01,HUB-CHI,37159,0,11104,39520,4350,92133
2020-11-01,HUB-CIN,36527,0,10915,39520,4095,91057
2020-11-01,HUB-CMH,35859,0,10715,54080,4435,105089
2020-11-01,HUB-DET,37757,0,11282,39520,4010,92569
2020-11-01,HUB-IND,36966,0,11046,31200,4350,83562
2020-12-01,HUB-CHI,39613,0,11104,40660,4350,95727
2020-12-01,HUB-CIN,38939,0,10915,40660,4095,94609
2020-12-01,HUB-CMH,38227,0,10715,55640,4435,109017
2020-12-01,HUB-DET,40250,0,11282,40660,4010,96202
2020-12-01,HUB-IND,39407,0,11046,32100,4350,86903
2021-01-01,HUB-CHI,46154,0,11474,41656,4415,103699
2021-01-01,HUB-CIN,45369,0,11279,41656,4156,102460
2021-01-01,HUB-CMH,44540,0,11072,57002,4502,117116
2021-01-01,HUB-DET,46896,0,11658,41656,4070,104280
2021-01-01,HUB-IND,45914,0,11414,32886,4415,94629
2021-02-01,HUB-CHI,45345,0,11474,41656,4415,102890
2021-02-01,HUB-CIN,44573,0,11279,41656,4156,101664
2021-02-01,HUB-CMH,43758,0,11072,57002,4502,116334
2021-02-01,HUB-DET,46074,0,11658,41656,4070,103458
2021-02-01,HUB-IND,45109,0,11414,32886,4415,93824
2021-03-01,HUB-CHI,42106,0,11474,39727,4415,97722
2021-03-01,HUB-CIN,41389,0,11279,39727,4156,96551
2021-03-01,HUB-CMH,40633,0,11072,54363,4502,110570
2021-03-01,HUB-DET,42783,0,11658,39727,4070,98238
2021-03-01,HUB-IND,41887,0,11414,31363,4415,89079
2021-04-01,HUB-CHI,40082,0,11474,38570,4415,94541
2021-04-01,HUB-CIN,39399,0,11279,38570,4156,93404
2021-04-01,HUB-CMH,38679,0,11072,52780,4502,107033
2021-04-01,HUB-DET,40726,0,11658,38570,4070,95024
2021-04-01,HUB-IND,39873,0,11414,30450,4415,86152
2021-05-01,HUB-CHI,39272,0,11474,38184,4415,93345
2021-05-01,HUB-CIN,38603,0,11279,38184,4156,92222
2021-05-01,HUB-CMH,37898,0,11072,52252,4502,105724
2021-05-01,HUB-DET,39903,0,11658,38184,4070,93815
2021-05-01,HUB-IND,39068,0,11414,30145,4415,85042
2021-06-01,HUB-CHI,40082,0,11474,38570,4415,94541
2021-06-01,HUB-CIN,39399,0,11279,38570,4156,93404
2021-06-01,HUB-CMH,38679,0,11072,52780,4502,107033
2021-06-01,HUB-DET,40726,0,11658,38570,4070,95024
2021-06-01,HUB-IND,39873,0,11414,30450,4415,86152
2021-07-01,HUB-CHI,41296,0,11474,39341,4415,96526
2021-07-01,HUB-CIN,40593,0,11279,39341,4156,95369
2021-07-01,HUB-CMH,39851,0,11072,53836,4502,109261
2021-07-01,HUB-DET,41960,0,11658,39341,4070,97029
2021-07-01,HUB-IND,41081,0,11414,31059,4415,87969
2021-08-01,HUB-CHI,41296,0,11474,39341,4415,96526
2021-08-01,HUB-CIN,40593,0,11279,39341,4156,95369
2021-08-01,HUB-CMH,39851,0,11072,53836,4502,109261
2021-08-01,HUB-DET,41960,0,11658,39341,4070,97029
2021-08-01,HUB-IND,41081,0,11414,31059,4415,87969
2021-09-01,HUB-CHI,40082,0,11474,38184,4415,94155
2021-09-01,HUB-CIN,39399,0,11279,38184,4156,93018
2021-09-01,HUB-CMH,38679,0,11072,52252,4502,106505
2021-09-01,HUB-DET,40726,0,11658,38184,4070,94638
2021-09-01,HUB-IND,39873,0,11414,30145,4415,85847
2021-10-01,HUB-CHI,40486,0,11474,38570,4415,94945
2021-10-01,HUB-CIN,39797,0,11279,38570,4156,93802
2021-10-01,HUB-CMH,39070,0,11072,52780,4502,107424
2021-10-01,HUB-DET,41137,0,11658,38570,4070,95435
2021-10-01,HUB-IND,40276,0,11414,30450,4415,86555
2021-11-01,HUB-CHI,42916,0,11474,40113,4415,98918
2021-11-01,HUB-CIN,42185,0,11279,40113,4156,97733
2021-11-01,HUB-CMH,41414,0,11072,54891,4502,111879
2021-11-01,HUB-DET,43605,0,11658,40113,4070,99446
2021-11-01,HUB-IND,42692,0,11414,31668,4415,90189
2021-12-01,HUB-CHI,45750,0,11474,41270,4415,102909
2021-12-01,HUB-CIN,44971,0,11279,41270,4156,101676
2021-12-01,HUB-CMH,44149,0,11072,56475,4502,116198
2021-12-01,HUB-DET,46485,0,11658,41270,4070,103483
2021-12-01,HUB-IND,45512,0,11414,32582,4415,93923
2022-01-01,HUB-CHI,60181,0,11844,42271,4480,118776
2022-01-01,HUB-CIN,59157,0,11642,42271,4218,117288
2022-01-01,HUB-CMH,58075,0,11430,57845,4568,131918
2022-01-01,HUB-DET,61149,0,12034,42271,4130,119584
2022-01-01,HUB-IND,59868,0,11782,33372,4480,109502
2022-02-01,HUB-CHI,59125,0,11844,42271,4480,117720
2022-02-01,HUB-CIN,58119,0,11642,42271,4218,116250
2022-02-01,HUB-CMH,57057,0,11430,57845,4568,130900
2022-02-01,HUB-DET,60076,0,12034,42271,4130,118511
2022-02-01,HUB-IND,58818,0,11782,33372,4480,108452
2022-03-01,HUB-CHI,54902,0,11844,40314,4480,111540
2022-03-01,HUB-CIN,53968,0,11642,40314,4218,110142
2022-03-01,HUB-CMH,52981,0,11430,55167,4568,124146
2022-03-01,HUB-DET,55785,0,12034,40314,4130,112263
2022-03-01,HUB-IND,54616,0,11782,31827,4480,102705
2022-04-01,HUB-CHI,52262,0,11844,39140,4480,107726
2022-04-01,HUB-CIN,51373,0,11642,39140,4218,106373
2022-04-01,HUB-CMH,50434,0,11430,53560,4568,119992
2022-04-01,HUB-DET,53103,0,12034,39140,4130,108407
2022-04-01,HUB-IND,51991,0,11782,30900,4480,99153
2022-05-01,HUB-CHI,51207,0,11844,38749,4480,106280
2022-05-01,HUB-CIN,50335,0,11642,38749,4218,104944
2022-05-01,HUB-CMH,49415,0,11430,53024,4568,118437
2022-05-01,HUB-DET,52030,0,12034,38749,4130,106943
2022-05-01,HUB-IND,50940,0,11782,30591,4480,97793
2022-06-01,HUB-CHI,52262,0,11844,39140,4480,107726
2022-06-01,HUB-CIN,51373,0,11642,39140,4218,106373
2022-06-01,HUB-CMH,50434,0,11430,53560,4568,119992
2022-06-01,HUB-DET,53103,0,12034,39140,4130,108407
2022-06-01,HUB-IND,51991,0,11782,30900,4480,99153
2022-07-01,HUB-CHI,53846,0,11844,39923,4480,110093
2022-07-01,HUB-CIN,52930,0,11642,39923,4218,108713
2022-07-01,HUB-CMH,51962,0,11430,54631,4568,122591
2022-07-01,HUB-DET,54712,0,12034,39923,4130,110799
2022-07-01,HUB-IND,53566,0,11782,31518,4480,101346
2022-08-01,HUB-CHI,53846,0,11844,39923,4480,110093
2022-08-01,HUB-CIN,52930,0,11642,39923,4218,108713
2022-08-01,HUB-CMH,51962,0,11430,54631,4568,122591
2022-08-01,HUB-DET,54712,0,12034,39923,4130,110799
2022-08-01,HUB-IND,53566,0,11782,31518,4480,101346
2022-09-01,HUB-CHI,52262,0,11844,38749,4480,107335
2022-09-01,HUB-CIN,51373,0,11642,38749,4218,105982
2022-09-01,HUB-CMH,50434,0,11430,53024,4568,119456
2022-09-01,HUB-DET,53103,0,12034,38749,4130,108016
2022-09-01,HUB-IND,51991,0,11782,30591,4480,98844
2022-10-01,HUB-CHI,52790,0,11844,39140,4480,108254
2022-10-01,HUB-CIN,51892,0,11642,39140,4218,106892
2022-10-01,HUB-CMH,50943,0,11430,53560,4568,120501
2022-10-01,HUB-DET,53639,0,12034,39140,4130,108943
2022-10-01,HUB-IND,52516,0,11782,30900,4480,99678
2022-11-01,HUB-CHI,55958,0,11844,40706,4480,112988
2022-11-01,HUB-CIN,55005,0,11642,40706,4218,111571
2022-11-01,HUB-CMH,54000,0,11430,55702,4568,125700
2022-11-01,HUB-DET,56857,0,12034,40706,4130,113727
2022-11-01,HUB-IND,55667,0,11782,32136,4480,104065
2022-12-01,HUB-CHI,59653,0,11844,41880,4480,117857
2022-12-01,HUB-CIN,58638,0,11642,41880,4218,116378
2022-12-01,HUB-CMH,57566,0,11430,57309,4568,130873
2022-12-01,HUB-DET,60612,0,12034,41880,4130,118656
2022-12-01,HUB-IND,59343,0,11782,33063,4480,108668
2023-01-01,HUB-CHI,56020,518,12600,42887,4546,116571
2023-01-01,HUB-CIN,62555,2068,14070,42887,4279,125859
2023-01-01,HUB-CMH,57887,0,13020,58687,4635,134229
2023-01-01,HUB-DET,63489,13015,14280,42887,4190,137861
2023-01-01,HUB-IND,54152,0,12180,33858,4546,104736
2023-02-01,HUB-CHI,46781,0,10710,42887,4546,104924
2023-02-01,HUB-CIN,39443,6241,9030,42887,4279,101880
2023-02-01,HUB-CMH,45864,838,10500,58687,4635,120524
2023-02-01,HUB-DET,41278,1853,9450,42887,4190,99658
2023-02-01,HUB-IND,44029,2593,10080,33858,4546,95106
2023-03-01,HUB-CHI,52809,4173,13020,40901,4546,115449
2023-03-01,HUB-CIN,50254,0,12390,40901,4279,107824
2023-03-01,HUB-CMH,35774,345,8820,55970,4635,105544
2023-03-01,HUB-DET,48550,0,11970,40901,4190,105611
2023-03-01,HUB-IND,40033,2035,9870,32290,4546,88774
2023-04-01,HUB-CHI,42162,0,10920,39710,4546,97338
2023-04-01,HUB-CIN,33243,0,8610,39710,4279,85842
2023-04-01,HUB-CMH,50270,1478,13020,54340,4635,123743
2023-04-01,HUB-DET,48649,6263,12600,39710,4190,111412
2023-04-01,HUB-IND,44595,0,11550,31350,4546,92041
2023-05-01,HUB-CHI,39722,0,10500,39313,4546,94081
2023-05-01,HUB-CIN,38133,0,10080,39313,4279,91805
2023-05-01,HUB-CMH,41310,1110,10920,53797,4635,111772
2023-05-01,HUB-DET,40516,2156,10710,39313,4190,96885
2023-05-01,HUB-IND,41310,1921,10920,31036,4546,89733
2023-06-01,HUB-CHI,45405,2511,11760,39710,4546,103932
2023-06-01,HUB-CIN,29189,0,7560,39710,4279,80738
2023-06-01,HUB-CMH,47838,1340,12390,54340,4635,120543
2023-06-01,HUB-DET,54324,0,14070,39710,4190,112294
2023-06-01,HUB-IND,48649,0,12600,31350,4546,97145
2023-07-01,HUB-CHI,40934,936,10290,40504,4546,97210
2023-07-01,HUB-CIN,53464,0,13440,40504,4279,111687
2023-07-01,HUB-CMH,51794,809,13020,55427,4635,125685
2023-07-01,HUB-DET,50123,0,12600,40504,4190,107417
2023-07-01,HUB-IND,51794,459,13020,31977,4546,101796
2023-08-01,HUB-CHI,43440,3570,10920,40504,4546,102980
2023-08-01,HUB-CIN,49287,2392,12390,40504,4279,108852
2023-08-01,HUB-CMH,43440,5911,10920,55427,4635,120333
2023-08-01,HUB-DET,40934,0,10290,40504,4190,95918
2023-08-01,HUB-IND,38427,0,9660,31977,4546,84610
2023-09-01,HUB-CHI,39730,0,10290,39313,4546,93879
2023-09-01,HUB-CIN,54324,3855,14070,39313,4279,115841
2023-09-01,HUB-CMH,42973,613,11130,53797,4635,113148
2023-09-01,HUB-DET,51892,0,13440,39313,4190,108835
2023-09-01,HUB-IND,47838,2897,12390,31036,4546,98707
2023-10-01,HUB-CHI,55692,868,14280,39710,4546,115096
2023-10-01,HUB-CIN,52416,515,13440,39710,4279,110360
2023-10-01,HUB-CMH,40131,0,10290,54340,4635,109396
2023-10-01,HUB-DET,41769,2455,10710,39710,4190,98834
2023-10-01,HUB-IND,54054,4624,13860,31350,4546,108434
2023-11-01,HUB-CHI,57297,0,13860,41298,4546,117001
2023-11-01,HUB-CIN,40803,0,9870,41298,4279,96250
2023-11-01,HUB-CMH,53825,914,13020,56514,4635,128908
2023-11-01,HUB-DET,39934,2248,9660,41298,4190,97330
2023-11-01,HUB-IND,41671,2299,10080,32604,4546,91200
2023-12-01,HUB-CHI,56454,0,12810,42490,4546,116300
2023-12-01,HUB-CIN,52752,2352,11970,42490,4279,113843
2023-12-01,HUB-CMH,56454,2180,12810,58144,4635,134223
2023-12-01,HUB-DET,55528,0,12600,42490,4190,114808
2023-12-01,HUB-IND,60156,0,13650,33544,4546,111896
2024-01-01,HUB-CHI,55130,5186,13020,43502,4611,121449
2024-01-01,HUB-CIN,60466,0,14280,43502,4341,122589
2024-01-01,HUB-CMH,54241,2896,12810,59530,4701,134178
2024-01-01,HUB-DET,62244,0,14700,43502,4251,124697
2024-01-01,HUB-IND,64022,0,15120,34344,4611,118097
2024-02-01,HUB-CHI,43680,662,10500,43502,4611,102955
2024-02-01,HUB-CIN,47174,0,11340,43502,4341,106357
2024-02-01,HUB-CMH,36691,991,8820,59530,4701,110733
2024-02-01,HUB-DET,42806,0,10290,43502,4251,100849
2024-02-01,HUB-IND,48048,1230,11550,34344,4611,99783
2024-03-01,HUB-CHI,42994,0,11130,41488,4611,100223
2024-03-01,HUB-CIN,47861,0,12390,41488,4341,106080
2024-03-01,HUB-CMH,54350,2759,14070,56774,4701,132654
2024-03-01,HUB-DET,40560,537,10500,41488,4251,97336
2024-03-01,HUB-IND,42182,0,10920,32754,4611,90467
2024-04-01,HUB-CHI,46332,2670,12600,40280,4611,106493
2024-04-01,HUB-CIN,49421,437,13440,40280,4341,107919
2024-04-01,HUB-CMH,43243,0,11760,55120,4701,114824
2024-04-01,HUB-DET,47876,843,13020,40280,4251,106270
2024-04-01,HUB-IND,33205,5273,9030,31800,4611,83919
2024-05-01,HUB-CHI,42370,1811,11760,39877,4611,100429
2024-05-01,HUB-CIN,35560,0,9870,39877,4341,89648
2024-05-01,HUB-CMH,32534,11583,9030,54569,4701,112417
2024-05-01,HUB-DET,40100,2385,11130,39877,4251,97743
2024-05-01,HUB-IND,51449,0,14280,31482,4611,101822
2024-06-01,HUB-CHI,41699,1279,11340,40280,4611,99209
2024-06-01,HUB-CIN,44788,0,12180,40280,4341,101589
2024-06-01,HUB-CMH,40154,9218,10920,55120,4701,120113
2024-06-01,HUB-DET,51737,1360,14070,40280,4251,111698
2024-06-01,HUB-IND,47876,0,13020,31800,4611,97307
2024-07-01,HUB-CHI,48532,1055,12810,41086,4611,108094
2024-07-01,HUB-CIN,53305,0,14070,41086,4341,112802
2024-07-01,HUB-CMH,54101,1407,14280,56222,4701,130711
2024-07-01,HUB-DET,51714,4965,13650,41086,4251,115666
2024-07-01,HUB-IND,42167,0,11130,32436,4611,90344
2024-08-01,HUB-CHI,38189,0,10080,41086,4611,93966
2024-08-01,HUB-CIN,44554,0,11760,41086,4341,101741
2024-08-01,HUB-CMH,42167,2354,11130,56222,4701,116574
2024-08-01,HUB-DET,50123,0,13230,41086,4251,108690
2024-08-01,HUB-IND,41371,1985,10920,32436,4611,91323
2024-09-01,HUB-CHI,50193,0,13650,39877,4611,108331
2024-09-01,HUB-CIN,44788,0,12180,39877,4341,101186
2024-09-01,HUB-CMH,46332,1311,12600,54569,4701,119513
2024-09-01,HUB-DET,48649,0,13230,39877,4251,106007
2024-09-01,HUB-IND,47876,983,13020,31482,4611,97972
2024-10-01,HUB-CHI,53820,0,14490,40280,4611,113201
2024-10-01,HUB-CIN,42120,0,11340,40280,4341,98081
2024-10-01,HUB-CMH,45240,2900,12180,55120,4701,120141
2024-10-01,HUB-DET,50700,9739,13650,40280,4251,118620
2024-10-01,HUB-IND,53040,8732,14280,31800,4611,112463
2024-11-01,HUB-CHI,32245,2554,8190,41891,4611,89491
2024-11-01,HUB-CIN,57049,0,14490,41891,4341,117771
2024-11-01,HUB-CMH,46301,10410,11760,57325,4701,130497
2024-11-01,HUB-DET,42994,0,10920,41891,4251,100056
2024-11-01,HUB-IND,56222,0,14280,33072,4611,108185
2024-12-01,HUB-CHI,65224,2371,15540,43100,4611,130846
2024-12-01,HUB-CIN,53765,0,12810,43100,4341,114016
2024-12-01,HUB-CMH,44070,2215,10500,58978,4701,120464
2024-12-01,HUB-DET,62579,0,14910,43100,4251,124840
2024-12-01,HUB-IND,56410,0,13440,34026,4611,108487
2025-01-01,HUB-CHI,69002,15515,16800,44118,4676,150111
2025-01-01,HUB-CIN,51751,0,12600,44118,4402,112871
2025-01-01,HUB-CMH,56064,0,43400,60372,4768,164604
2025-01-01,HUB-DET,69002,9812,49350,44118,4311,176593
2025-01-01,HUB-IND,50026,10023,12180,34830,4676,111735
2025-02-01,HUB-CHI,48301,432,11970,44118,4676,109497
2025-02-01,HUB-CIN,37285,3547,9240,44118,4402,98592
2025-02-01,HUB-CMH,32201,16277,7980,60372,4768,121598
2025-02-01,HUB-DET,44912,10401,11130,44118,4311,114872
2025-02-01,HUB-IND,55928,2917,72660,34830,4676,171011
2025-03-01,HUB-CHI,51146,4691,13650,42076,4676,116239
2025-03-01,HUB-CIN,39343,6328,10500,42076,4402,102649
2025-03-01,HUB-CMH,40130,6026,17185,57577,4768,125686
2025-03-01,HUB-DET,47212,0,12600,42076,4311,106199
2025-03-01,HUB-IND,50359,0,13440,33218,4676,101693
2025-04-01,HUB-CHI,39699,3895,11130,40850,4676,100250
2025-04-01,HUB-CIN,48687,2381,13650,40850,4402,109970
2025-04-01,HUB-CMH,40448,16340,11340,55900,4768,128796
2025-04-01,HUB-DET,49436,0,13860,40850,4311,108457
2025-04-01,HUB-IND,41946,2059,11760,32250,4676,92691
2025-05-01,HUB-CHI,40365,11918,11550,40442,4676,108951
2025-05-01,HUB-CIN,37429,0,10710,40442,4402,92983
2025-05-01,HUB-CMH,54309,9139,15540,55341,4768,139097
2025-05-01,HUB-DET,32292,0,9240,40442,4311,86285
2025-05-01,HUB-IND,37429,4401,10710,31928,4676,89144
2025-06-01,HUB-CHI,41197,8908,11550,40850,4676,107181
2025-06-01,HUB-CIN,58425,2699,42980,40850,4402,149356
2025-06-01,HUB-CMH,39699,0,15855,55900,4768,116222
2025-06-01,HUB-DET,44942,15358,12600,40850,4311,118061
2025-06-01,HUB-IND,41946,4974,19285,32250,4676,103131
2025-07-01,HUB-CHI,50934,13314,13860,41667,4676,124451
2025-07-01,HUB-CIN,46304,175,12600,41667,4402,105148
2025-07-01,HUB-CMH,53250,0,27965,57018,4768,143001
2025-07-01,HUB-DET,46304,7268,12600,41667,4311,112150
2025-07-01,HUB-IND,52478,0,14280,32895,4676,104329
2025-08-01,HUB-CHI,37815,3649,10290,41667,4676,98097
2025-08-01,HUB-CIN,48619,364,29855,41667,4402,124907
2025-08-01,HUB-CMH,38587,25088,40250,57018,4768,165711
2025-08-01,HUB-DET,48619,2041,13230,41667,4311,109868
2025-08-01,HUB-IND,42445,3568,11550,32895,4676,95134
2025-09-01,HUB-CHI,53930,0,15120,40442,4676,114168
2025-09-01,HUB-CIN,49436,2306,47635,40442,4402,144221
2025-09-01,HUB-CMH,48687,1562,66150,55341,4768,176508
2025-09-01,HUB-DET,50934,0,23905,40442,4311,119592
2025-09-01,HUB-IND,34456,0,9660,31928,4676,80720
2025-10-01,HUB-CHI,48422,0,13440,40850,4676,107388
2025-10-01,HUB-CIN,38587,1227,10710,40850,4402,95776
2025-10-01,HUB-CMH,48422,0,78715,55900,4768,187805
2025-10-01,HUB-DET,53719,1306,14910,40850,4311,115096
2025-10-01,HUB-IND,55988,6215,15540,32250,4676,114669
2025-11-01,HUB-CHI,49724,2134,13020,42484,4676,112038
2025-11-01,HUB-CIN,51328,0,13440,42484,4402,111654
2025-11-01,HUB-CMH,49724,555,13020,58136,4768,126203
2025-11-01,HUB-DET,44110,0,11550,42484,4311,102455
2025-11-01,HUB-IND,40100,10366,10500,33540,4676,99182
2025-12-01,HUB-CHI,59847,0,36925,43710,4676,145158
2025-12-01,HUB-CIN,51297,12335,12600,43710,4402,124344
2025-12-01,HUB-CMH,54717,3096,28315,59813,4768,150709
2025-12-01,HUB-DET,52152,395,12810,43710,4311,113378
2025-12-01,HUB-IND,64122,2573,15750,34508,4676,121629
