note_id,client_id,account_owner,call_date,note_type,sentiment,shipment_id,body
CRM-5000,CLI-0007,Dana Whitfield,2025-03-20,QBR,neutral,,"QBR — Jaffle Storefronts (CLI-0007), Q1 2025. Account owner: Dana Whitfield.~~NL~~Reviewed service performance against the 97.0% SLA on-time target; trailing-quarter on-time landed at 97.4% (roughly on target). Contract CON-0007-01.~~NL~~Overall sentiment neutral. Volume steady. Client asked about peak-season capacity planning. Line of business: last-mile, region OH."
CRM-5001,CLI-0007,Dana Whitfield,2025-06-16,QBR,positive,,"QBR — Jaffle Storefronts (CLI-0007), Q2 2025. Account owner: Dana Whitfield.~~NL~~Reviewed service performance against the 97.0% SLA on-time target; trailing-quarter on-time landed at 100.0% (above target). Contract CON-0007-01.~~NL~~Overall sentiment positive. Client happy with responsiveness; exploring expanded lanes next quarter. Line of business: last-mile, region OH."
CRM-5002,CLI-0007,Dana Whitfield,2025-09-16,QBR,positive,,"QBR — Jaffle Storefronts (CLI-0007), Q3 2025. Account owner: Dana Whitfield.~~NL~~Reviewed service performance against the 97.0% SLA on-time target; trailing-quarter on-time landed at 98.9% (above target). Contract CON-0007-01.~~NL~~Overall sentiment positive. Client happy with responsiveness; exploring expanded lanes next quarter. Line of business: last-mile, region OH."
CRM-5003,CLI-0007,Dana Whitfield,2025-12-22,QBR,positive,,"QBR — Jaffle Storefronts (CLI-0007), Q4 2025. Account owner: Dana Whitfield.~~NL~~Reviewed service performance against the 97.0% SLA on-time target; trailing-quarter on-time landed at 98.4% (above target). Contract CON-0007-01.~~NL~~Overall sentiment positive. Client happy with responsiveness; exploring expanded lanes next quarter. Line of business: last-mile, region OH."
CRM-5012,CLI-0155,Nora Behrevan,2025-03-21,QBR,neutral,,"QBR — Jaffle Crew Outfitters (CLI-0155), Q1 2025. Account owner: Nora Behrevan.~~NL~~Reviewed service performance against the 95.0% SLA on-time target; trailing-quarter on-time landed at 95.1% (roughly on target). Contract CON-0155-01.~~NL~~Overall sentiment neutral. A few isolated exceptions discussed; no systemic concerns raised. Line of business: last-mile, region IN."
CRM-5013,CLI-0155,Nora Behrevan,2025-06-16,QBR,positive,,"QBR — Jaffle Crew Outfitters (CLI-0155), Q2 2025. Account owner: Nora Behrevan.~~NL~~Reviewed service performance against the 95.0% SLA on-time target; trailing-quarter on-time landed at 98.7% (above target). Contract CON-0155-01.~~NL~~Overall sentiment positive. Strong quarter. Discussed expanding volume into new lanes. Line of business: last-mile, region IN."
CRM-5014,CLI-0155,Nora Behrevan,2025-09-18,QBR,positive,,"QBR — Jaffle Crew Outfitters (CLI-0155), Q3 2025. Account owner: Nora Behrevan.~~NL~~Reviewed service performance against the 95.0% SLA on-time target; trailing-quarter on-time landed at 99.1% (above target). Contract CON-0155-01.~~NL~~Overall sentiment positive. Client happy with responsiveness; exploring expanded lanes next quarter. Line of business: last-mile, region IN."
CRM-5015,CLI-0155,Nora Behrevan,2025-12-17,QBR,positive,,"QBR — Jaffle Crew Outfitters (CLI-0155), Q4 2025. Account owner: Nora Behrevan.~~NL~~Reviewed service performance against the 95.0% SLA on-time target; trailing-quarter on-time landed at 98.3% (above target). Contract CON-0155-01.~~NL~~Overall sentiment positive. Client happy with responsiveness; exploring expanded lanes next quarter. Line of business: last-mile, region IN."
CRM-5016,CLI-0169,Sam Calloway,2025-03-15,QBR,neutral,,"QBR — Jaffle Beverage Co (CLI-0169), Q1 2025. Account owner: Sam Calloway.~~NL~~Reviewed service performance against the 95.0% SLA on-time target; trailing-quarter on-time landed at 94.2% (roughly on target). Contract CON-0169-01.~~NL~~Overall sentiment neutral. A few isolated exceptions discussed; no systemic concerns raised. Line of business: warehousing, region OH."
CRM-5017,CLI-0169,Sam Calloway,2025-06-20,QBR,positive,,"QBR — Jaffle Beverage Co (CLI-0169), Q2 2025. Account owner: Sam Calloway.~~NL~~Reviewed service performance against the 95.0% SLA on-time target; trailing-quarter on-time landed at 100.0% (above target). Contract CON-0169-01.~~NL~~Overall sentiment positive. Strong quarter. Discussed expanding volume into new lanes. Line of business: warehousing, region OH."
CRM-5018,CLI-0169,Sam Calloway,2025-09-15,QBR,positive,,"QBR — Jaffle Beverage Co (CLI-0169), Q3 2025. Account owner: Sam Calloway.~~NL~~Reviewed service performance against the 95.0% SLA on-time target; trailing-quarter on-time landed at 97.9% (above target). Contract CON-0169-01.~~NL~~Overall sentiment positive. Client happy with responsiveness; exploring expanded lanes next quarter. Line of business: warehousing, region OH."
CRM-5019,CLI-0169,Sam Calloway,2025-12-24,QBR,neutral,,"QBR — Jaffle Beverage Co (CLI-0169), Q4 2025. Account owner: Sam Calloway.~~NL~~Reviewed service performance against the 95.0% SLA on-time target; trailing-quarter on-time landed at 95.3% (roughly on target). Contract CON-0169-01.~~NL~~Overall sentiment neutral. A few isolated exceptions discussed; no systemic concerns raised. Line of business: warehousing, region OH."
CRM-5020,CLI-0155,Nora Behrevan,2025-09-09,call,positive,,"Call note — Jaffle Crew Outfitters (CLI-0155). Nora Behrevan spoke with the account contact. Quick check-in, nothing outstanding. Sentiment positive."
CRM-5025,CLI-0007,Marcus Trent,2025-03-10,call,positive,,Call note — Jaffle Storefronts (CLI-0007). Marcus Trent spoke with the account contact. Discussed a delayed shipment; account owner to follow up with ops. Sentiment positive.
CRM-5028,CLI-0169,Priya Rao,2025-03-13,call,neutral,,Call note — Jaffle Beverage Co (CLI-0169). Priya Rao spoke with the account contact. Reviewed a recent exception; reassured on remediation. Sentiment neutral.
CRM-5031,CLI-0201,Sam Calloway,2025-09-20,call,neutral,,Call note — Jaffle Paper & Packaging (CLI-0201). Sam Calloway spoke with the account contact. Discussed a delayed shipment; account owner to follow up with ops. Sentiment neutral.
CRM-5033,CLI-0155,Elaine Vasquez,2025-09-04,call,positive,,Call note — Jaffle Crew Outfitters (CLI-0155). Elaine Vasquez spoke with the account contact. Reviewed a recent exception; reassured on remediation. Sentiment positive.
CRM-9001,CLI-0042,Marcus Trent,2025-01-21,QBR,concerned,SHP-202501-900001,"QBR — Jaffle Equipment (CLI-0042), Q1 2025. Account owner: Marcus Trent.~~NL~~Tense call. The Jan 14-16 Chicago storm delayed a large batch of Jaffle Equipment freight (a representative affected shipment is linked on this note) and the client raised the jackknife incident (INC-2025-00417) directly. On-time for January will breach the 97.0% target. Client asked, pointedly, whether Jaffle Logistics can handle their peak volumes. Committed to an SLA credit per contract CON-0042-01 and a written recovery plan. Sentiment concerned; first real crack in the relationship this year."
CRM-9020,CLI-0042,Marcus Trent,2025-04-15,QBR,neutral,,"QBR — Jaffle Equipment (CLI-0042), Q1 2025. Account owner: Marcus Trent.~~NL~~Q1 review with Jaffle Equipment. January storm credit applied and closed out. On-time recovering but still below the 97% target. Client cautious but constructive. Watching. Contract CON-0042-01."
CRM-9021,CLI-0042,Marcus Trent,2025-07-16,QBR,concerned,,"QBR — Jaffle Equipment (CLI-0042), Q2 2025. Account owner: Marcus Trent.~~NL~~Q2 review. On-time slipped again despite no major weather. Jaffle Equipment flagged three late LTL loads this quarter and rising ticket volume, cause not yet identified. Opening a root-cause review ahead of Q3. Contract CON-0042-01."
CRM-9022,CLI-0042,Marcus Trent,2025-10-14,QBR,concerned,,"QBR — Jaffle Equipment (CLI-0042), Q3 2025. Account owner: Marcus Trent.~~NL~~Q3 review. On-time is materially under target. The January Chicago storm (INC-2025-00417) explains part of it, but a second, weather-independent pattern has emerged: repeated handling damage at the Columbus hub (INC-2025-00136, INC-2025-00241, INC-2025-00095). Opening a root-cause review ahead of Q4. Contract CON-0042-01."
CRM-9030,CLI-0042,Marcus Trent,2025-10-20,review,concerned,,"Q4 PERFORMANCE ROOT-CAUSE REVIEW — Jaffle Equipment (CLI-0042), contract CON-0042-01.~~NL~~Two contributing factors identified for 2025's on-time decline, documented separately: (1) the January 14-16 Chicago winter storm (INC-2025-00417, see IR-9001), a one-time weather event; (2) a recurring handling-damage pattern at the Columbus hub across three incidents in 2025 (INC-2025-00136, INC-2025-00241, INC-2025-00095, see IR-9003), pointing to a bay 3 forklift-staging issue rather than isolated events.~~NL~~Actions: (1) Columbus hub supervisor completing an SOP audit per IR-9003's remediation; (2) on-time tracked separately by cause (weather vs. handling) starting Q4 so recovery from each is visible independently. Owner: Marcus Trent. Review at Q1 2026 QBR."
CRM-5034,CLI-0042,Marcus Trent,2023-02-07,plan,neutral,,"Account plan — Jaffle Equipment (CLI-0042), 2023. Account owner: Marcus Trent.~~NL~~Annual account plan refreshed: joint planning session on next year's volume and capacity. Contract renewal in progress; terms not yet finalised. Sentiment neutral."
CRM-5035,CLI-0155,Nora Behrevan,2023-03-09,call,positive,,Call note — Jaffle Crew Outfitters (CLI-0155). Nora Behrevan spoke with the account contact. A brief logistics touch-base; no issues raised. Sentiment positive.
CRM-5036,CLI-0007,Dana Whitfield,2023-03-16,QBR,positive,,"QBR — Jaffle Storefronts (CLI-0007), Q1 2023. Account owner: Dana Whitfield.~~NL~~Reviewed service performance against the 97.0% SLA on-time target; trailing-quarter on-time landed at 97.8% (above target). Contract CON-0007-01.~~NL~~Overall sentiment positive. Strong quarter. Discussed expanding volume into new lanes. Line of business: last-mile, region OH."
CRM-5037,CLI-0201,Sam Calloway,2023-05-04,call,positive,,Call note — Jaffle Paper & Packaging (CLI-0201). Sam Calloway spoke with the account contact. Confirmed pickup windows for the quarter. Sentiment positive.
CRM-5038,CLI-0169,Sam Calloway,2023-05-18,QBR,positive,,"QBR — Jaffle Beverage Co (CLI-0169), Q2 2023. Account owner: Sam Calloway.~~NL~~Reviewed service performance against the 95.0% SLA on-time target; trailing-quarter on-time landed at 96.8% (above target). Contract renewal in progress.~~NL~~Overall sentiment positive. Client singled out the Columbus dock crew for a clean peak week. Line of business: warehousing, region OH."
CRM-5039,CLI-0007,Dana Whitfield,2023-06-14,QBR,neutral,,"QBR — Jaffle Storefronts (CLI-0007), Q2 2023. Account owner: Dana Whitfield.~~NL~~Reviewed service performance against the 97.0% SLA on-time target; trailing-quarter on-time landed at 97.4% (roughly on target). Contract CON-0007-01.~~NL~~Overall sentiment neutral. Volume steady. Client asked about peak-season capacity planning. Line of business: last-mile, region OH."
CRM-5040,CLI-0042,Marcus Trent,2023-06-20,call,neutral,,Call note — Jaffle Equipment (CLI-0042). Marcus Trent spoke with the account contact. Confirmed pickup windows for the quarter. Sentiment neutral.
CRM-5041,CLI-0007,Dana Whitfield,2023-08-09,call,positive,,Call note — Jaffle Storefronts (CLI-0007). Dana Whitfield spoke with the account contact. Covered upcoming seasonal volume; no action needed. Sentiment positive.
CRM-5042,CLI-0169,Priya Rao,2023-09-07,call,positive,,Call note — Jaffle Beverage Co (CLI-0169). Priya Rao spoke with the account contact. A brief logistics touch-base; no issues raised. Sentiment positive.
CRM-5043,CLI-0007,Dana Whitfield,2023-09-13,QBR,neutral,,"QBR — Jaffle Storefronts (CLI-0007), Q3 2023. Account owner: Dana Whitfield.~~NL~~Reviewed service performance against the 97.0% SLA on-time target; trailing-quarter on-time landed at 97.3% (roughly on target). Contract CON-0007-01.~~NL~~Overall sentiment neutral. Client flagged a single delayed pickup; no concerns about the quarter. Line of business: last-mile, region OH."
CRM-5044,CLI-0155,Nora Behrevan,2023-09-19,QBR,positive,,"QBR — Jaffle Crew Outfitters (CLI-0155), Q3 2023. Account owner: Nora Behrevan.~~NL~~Reviewed service performance against the 95.0% SLA on-time target; trailing-quarter on-time landed at 97.2% (above target). Contract CON-0155-01.~~NL~~Overall sentiment positive. Volume steady. Client asked about peak-season capacity planning. Line of business: last-mile, region IN."
CRM-5045,CLI-0201,Priya Rao,2023-09-21,QBR,positive,,"QBR — Jaffle Paper & Packaging (CLI-0201), Q3 2023. Account owner: Priya Rao.~~NL~~Reviewed service performance against the 92.0% SLA on-time target; trailing-quarter on-time landed at 93.8% (above target). Contract renewal in progress.~~NL~~Overall sentiment positive. Client happy with responsiveness; exploring expanded lanes next quarter. Line of business: LTL, region KY."
CRM-5046,CLI-0169,Sam Calloway,2023-11-15,QBR,positive,,"QBR — Jaffle Beverage Co (CLI-0169), Q4 2023. Account owner: Sam Calloway.~~NL~~Reviewed service performance against the 95.0% SLA on-time target; trailing-quarter on-time landed at 95.9% (above target). Contract renewal in progress.~~NL~~Overall sentiment positive. Client happy with responsiveness; exploring expanded lanes next quarter. Line of business: warehousing, region OH."
CRM-5047,CLI-0042,Marcus Trent,2023-12-05,QBR,positive,,"QBR — Jaffle Equipment (CLI-0042), Q4 2023. Account owner: Marcus Trent.~~NL~~Reviewed service performance against the 97.0% SLA on-time target; trailing-quarter on-time landed at 97.8% (above target). Contract CON-0042-01.~~NL~~Overall sentiment positive. Client singled out the Columbus dock crew for a clean peak week. Line of business: LTL, region IL."
CRM-5048,CLI-0007,Dana Whitfield,2023-12-12,QBR,positive,,"QBR — Jaffle Storefronts (CLI-0007), Q4 2023. Account owner: Dana Whitfield.~~NL~~Reviewed service performance against the 97.0% SLA on-time target; trailing-quarter on-time landed at 97.9% (above target). Contract CON-0007-01.~~NL~~Overall sentiment positive. Client happy with responsiveness; exploring expanded lanes next quarter. Line of business: last-mile, region OH."
CRM-5049,CLI-0155,Nora Behrevan,2023-12-14,QBR,positive,,"QBR — Jaffle Crew Outfitters (CLI-0155), Q4 2023. Account owner: Nora Behrevan.~~NL~~Reviewed service performance against the 95.0% SLA on-time target; trailing-quarter on-time landed at 96.6% (above target). Contract CON-0155-01.~~NL~~Overall sentiment positive. Client again praised the Columbus hub turnaround on recent pickups. Line of business: last-mile, region IN."
CRM-5050,CLI-0042,Marcus Trent,2024-03-14,QBR,positive,,"QBR — Jaffle Equipment (CLI-0042), Q1 2024. Account owner: Marcus Trent.~~NL~~Reviewed service performance against the 97.0% SLA on-time target; trailing-quarter on-time landed at 97.5% (above target). Contract CON-0042-01.~~NL~~Overall sentiment positive. Client happy with responsiveness; exploring expanded lanes next quarter. Line of business: LTL, region IL."
CRM-5051,CLI-0007,Dana Whitfield,2024-03-19,QBR,neutral,,"QBR — Jaffle Storefronts (CLI-0007), Q1 2024. Account owner: Dana Whitfield.~~NL~~Reviewed service performance against the 97.0% SLA on-time target; trailing-quarter on-time landed at 97.1% (roughly on target). Contract CON-0007-01.~~NL~~Overall sentiment neutral. Client flagged a single delayed pickup; no concerns about the quarter. Line of business: last-mile, region OH."
CRM-5052,CLI-0169,Sam Calloway,2024-04-16,QBR,positive,,"QBR — Jaffle Beverage Co (CLI-0169), Q2 2024. Account owner: Sam Calloway.~~NL~~Reviewed service performance against the 95.0% SLA on-time target; trailing-quarter on-time landed at 96.0% (above target). Contract renewal in progress.~~NL~~Overall sentiment positive. Client complimented the Cincinnati hub team on a steady quarter. Line of business: warehousing, region OH."
CRM-5053,CLI-0042,Marcus Trent,2024-05-08,call,positive,,Call note — Jaffle Equipment (CLI-0042). Marcus Trent spoke with the account contact. Walked through the lane changes taking effect next month. Sentiment positive.
CRM-5054,CLI-0201,Priya Rao,2024-05-15,QBR,positive,,"QBR — Jaffle Paper & Packaging (CLI-0201), Q2 2024. Account owner: Priya Rao.~~NL~~Reviewed service performance against the 92.0% SLA on-time target; trailing-quarter on-time landed at 93.9% (above target). Contract renewal in progress.~~NL~~Overall sentiment positive. Client happy with responsiveness; exploring expanded lanes next quarter. Line of business: LTL, region KY."
CRM-5055,CLI-0007,Dana Whitfield,2024-06-11,QBR,positive,,"QBR — Jaffle Storefronts (CLI-0007), Q2 2024. Account owner: Dana Whitfield.~~NL~~Reviewed service performance against the 97.0% SLA on-time target; trailing-quarter on-time landed at 97.7% (above target). Contract CON-0007-01.~~NL~~Overall sentiment positive. No escalations this quarter; client signed off on the lane plan. Line of business: last-mile, region OH."
CRM-5056,CLI-0155,Nora Behrevan,2024-06-12,QBR,positive,,"QBR — Jaffle Crew Outfitters (CLI-0155), Q2 2024. Account owner: Nora Behrevan.~~NL~~Reviewed service performance against the 95.0% SLA on-time target; trailing-quarter on-time landed at 97.4% (above target). Contract CON-0155-01.~~NL~~Overall sentiment positive. Client complimented the Cincinnati hub team on a steady quarter. Line of business: last-mile, region IN."
CRM-5057,CLI-0042,Marcus Trent,2024-06-18,QBR,positive,,"QBR — Jaffle Equipment (CLI-0042), Q2 2024. Account owner: Marcus Trent.~~NL~~Reviewed service performance against the 97.0% SLA on-time target; trailing-quarter on-time landed at 98.1% (above target). Contract CON-0042-01.~~NL~~Overall sentiment positive. Strong quarter. Discussed expanding volume into new lanes. Line of business: LTL, region IL."
CRM-5058,CLI-0169,Sam Calloway,2024-07-19,call,positive,,Call note — Jaffle Beverage Co (CLI-0169). Sam Calloway spoke with the account contact. Covered upcoming seasonal volume; no action needed. Sentiment positive.
CRM-5059,CLI-0007,Marcus Trent,2024-07-23,call,neutral,SHP-202407-000008,Call note — Jaffle Storefronts (CLI-0007). Marcus Trent spoke with the account contact. Discussed a delayed shipment; account owner to follow up with ops. Sentiment neutral.
CRM-5060,CLI-0007,Dana Whitfield,2024-09-10,QBR,positive,,"QBR — Jaffle Storefronts (CLI-0007), Q3 2024. Account owner: Dana Whitfield.~~NL~~Reviewed service performance against the 97.0% SLA on-time target; trailing-quarter on-time landed at 97.5% (above target). Contract CON-0007-01.~~NL~~Overall sentiment positive. No escalations this quarter; client signed off on the lane plan. Line of business: last-mile, region OH."
CRM-5061,CLI-0155,Nora Behrevan,2024-09-11,call,positive,,Call note — Jaffle Crew Outfitters (CLI-0155). Nora Behrevan spoke with the account contact. Confirmed pickup windows for the quarter. Sentiment positive.
CRM-5062,CLI-0042,Marcus Trent,2024-09-17,QBR,positive,,"QBR — Jaffle Equipment (CLI-0042), Q3 2024. Account owner: Marcus Trent.~~NL~~Reviewed service performance against the 97.0% SLA on-time target; trailing-quarter on-time landed at 98.3% (above target). Contract CON-0042-01.~~NL~~Overall sentiment positive. Client again praised the Columbus hub turnaround on recent pickups. Line of business: LTL, region IL."
CRM-5063,CLI-0169,Sam Calloway,2024-10-08,QBR,positive,,"QBR — Jaffle Beverage Co (CLI-0169), Q4 2024. Account owner: Sam Calloway.~~NL~~Reviewed service performance against the 95.0% SLA on-time target; trailing-quarter on-time landed at 96.5% (above target). Contract CON-0169-01.~~NL~~Overall sentiment positive. Client singled out the Columbus dock crew for a clean peak week. Line of business: warehousing, region OH."
CRM-5064,CLI-0201,Priya Rao,2024-11-06,QBR,positive,,"QBR — Jaffle Paper & Packaging (CLI-0201), Q4 2024. Account owner: Priya Rao.~~NL~~Reviewed service performance against the 92.0% SLA on-time target; trailing-quarter on-time landed at 93.9% (above target). Contract CON-0201-01.~~NL~~Overall sentiment positive. Client again praised the Columbus hub turnaround on recent pickups. Line of business: LTL, region KY."
CRM-5065,CLI-0042,Marcus Trent,2024-12-03,QBR,neutral,,"QBR — Jaffle Equipment (CLI-0042), Q4 2024. Account owner: Marcus Trent.~~NL~~Reviewed service performance against the 97.0% SLA on-time target; trailing-quarter on-time landed at 97.3% (roughly on target). Contract CON-0042-01.~~NL~~Overall sentiment neutral. Ordinary quarter. Client asked us to keep an eye on one lane. Line of business: LTL, region IL."
CRM-5066,CLI-0007,Dana Whitfield,2024-12-10,QBR,positive,,"QBR — Jaffle Storefronts (CLI-0007), Q4 2024. Account owner: Dana Whitfield.~~NL~~Reviewed service performance against the 97.0% SLA on-time target; trailing-quarter on-time landed at 97.5% (above target). Contract CON-0007-01.~~NL~~Overall sentiment positive. No escalations this quarter; client signed off on the lane plan. Line of business: last-mile, region OH."
CRM-5067,CLI-0155,Nora Behrevan,2024-12-12,QBR,positive,,"QBR — Jaffle Crew Outfitters (CLI-0155), Q4 2024. Account owner: Nora Behrevan.~~NL~~Reviewed service performance against the 95.0% SLA on-time target; trailing-quarter on-time landed at 97.3% (above target). Contract CON-0155-01.~~NL~~Overall sentiment positive. Strong quarter. Discussed expanding volume into new lanes. Line of business: last-mile, region IN."
