hr_doc_id,driver_id,doc_type,created_at,author,body
HR-6000,DRV-01001,onboarding,2018-10-13,R. Sandoval (People Ops),"ONBOARDING RECORD — driver DRV-01001 (contractor), home hub HUB-CMH.~~NL~~Hire date 2018-10-11. Completed orientation, safety briefing, and contractor agreement acknowledgment. Vehicle familiarization and route-app training complete. Filed by R. Sandoval (People Ops)."
HR-6001,DRV-01002,onboarding,2019-06-14,K. Ellsworth (People Ops),"ONBOARDING RECORD — driver DRV-01002 (contractor), home hub HUB-CIN.~~NL~~Hire date 2019-06-10. Completed orientation, safety briefing, and contractor agreement acknowledgment. Vehicle familiarization and route-app training complete. Filed by K. Ellsworth (People Ops)."
HR-6002,DRV-01003,onboarding,2023-12-05,K. Ellsworth (People Ops),"ONBOARDING RECORD — driver DRV-01003 (employee), home hub HUB-CIN.~~NL~~Hire date 2023-12-02. Completed orientation, safety briefing, and employee handbook acknowledgment. Vehicle familiarization and route-app training complete. Filed by K. Ellsworth (People Ops)."
HR-6003,DRV-01004,onboarding,2024-01-22,D. Marchetti (People Ops),"ONBOARDING RECORD — driver DRV-01004 (contractor), home hub HUB-DET.~~NL~~Hire date 2024-01-18. Completed orientation, safety briefing, and contractor agreement acknowledgment. Vehicle familiarization and route-app training complete. Filed by D. Marchetti (People Ops)."
HR-6004,DRV-01005,onboarding,2022-06-27,K. Ellsworth (People Ops),"ONBOARDING RECORD — driver DRV-01005 (contractor), home hub HUB-CHI.~~NL~~Hire date 2022-06-23. Completed orientation, safety briefing, and contractor agreement acknowledgment. Vehicle familiarization and route-app training complete. Filed by K. Ellsworth (People Ops)."
HR-6005,DRV-01006,onboarding,2023-10-21,K. Ellsworth (People Ops),"ONBOARDING RECORD — driver DRV-01006 (employee), home hub HUB-IND.~~NL~~Hire date 2023-10-21. Completed orientation, safety briefing, and employee handbook acknowledgment. Vehicle familiarization and route-app training complete. Filed by K. Ellsworth (People Ops)."
HR-6006,DRV-01007,onboarding,2021-10-18,R. Sandoval (People Ops),"ONBOARDING RECORD — driver DRV-01007 (employee), home hub HUB-CHI.~~NL~~Hire date 2021-10-16. Completed orientation, safety briefing, and employee handbook acknowledgment. Vehicle familiarization and route-app training complete. Filed by R. Sandoval (People Ops)."
HR-6007,DRV-01008,onboarding,2020-06-25,R. Sandoval (People Ops),"ONBOARDING RECORD — driver DRV-01008 (employee), home hub HUB-CIN.~~NL~~Hire date 2020-06-21. Completed orientation, safety briefing, and employee handbook acknowledgment. Vehicle familiarization and route-app training complete. Filed by R. Sandoval (People Ops)."
HR-6008,DRV-01009,onboarding,2018-05-09,R. Sandoval (People Ops),"ONBOARDING RECORD — driver DRV-01009 (employee), home hub HUB-CMH.~~NL~~Hire date 2018-05-09. Completed orientation, safety briefing, and employee handbook acknowledgment. Vehicle familiarization and route-app training complete. Filed by R. Sandoval (People Ops)."
HR-6009,DRV-01010,onboarding,2021-02-19,R. Sandoval (People Ops),"ONBOARDING RECORD — driver DRV-01010 (employee), home hub HUB-CMH.~~NL~~Hire date 2021-02-14. Completed orientation, safety briefing, and employee handbook acknowledgment. Vehicle familiarization and route-app training complete. Filed by R. Sandoval (People Ops)."
HR-6010,DRV-01011,onboarding,2024-06-01,D. Marchetti (People Ops),"ONBOARDING RECORD — driver DRV-01011 (employee), home hub HUB-CHI.~~NL~~Hire date 2024-05-27. Completed orientation, safety briefing, and employee handbook acknowledgment. Vehicle familiarization and route-app training complete. Filed by D. Marchetti (People Ops)."
HR-6011,DRV-01012,onboarding,2022-07-28,D. Marchetti (People Ops),"ONBOARDING RECORD — driver DRV-01012 (contractor), home hub HUB-CHI.~~NL~~Hire date 2022-07-26. Completed orientation, safety briefing, and contractor agreement acknowledgment. Vehicle familiarization and route-app training complete. Filed by D. Marchetti (People Ops)."
HR-6012,DRV-01013,onboarding,2021-12-23,D. Marchetti (People Ops),"ONBOARDING RECORD — driver DRV-01013 (contractor), home hub HUB-CMH.~~NL~~Hire date 2021-12-22. Completed orientation, safety briefing, and contractor agreement acknowledgment. Vehicle familiarization and route-app training complete. Filed by D. Marchetti (People Ops)."
HR-6013,DRV-01014,onboarding,2018-08-10,K. Ellsworth (People Ops),"ONBOARDING RECORD — driver DRV-01014 (contractor), home hub HUB-DET.~~NL~~Hire date 2018-08-10. Completed orientation, safety briefing, and contractor agreement acknowledgment. Vehicle familiarization and route-app training complete. Filed by K. Ellsworth (People Ops)."
HR-6014,DRV-01015,onboarding,2021-10-24,D. Marchetti (People Ops),"ONBOARDING RECORD — driver DRV-01015 (employee), home hub HUB-CMH.~~NL~~Hire date 2021-10-21. Completed orientation, safety briefing, and employee handbook acknowledgment. Vehicle familiarization and route-app training complete. Filed by D. Marchetti (People Ops)."
HR-6015,DRV-01016,onboarding,2020-02-21,K. Ellsworth (People Ops),"ONBOARDING RECORD — driver DRV-01016 (employee), home hub HUB-CMH.~~NL~~Hire date 2020-02-19. Completed orientation, safety briefing, and employee handbook acknowledgment. Vehicle familiarization and route-app training complete. Filed by K. Ellsworth (People Ops)."
HR-6016,DRV-01017,onboarding,2021-02-14,D. Marchetti (People Ops),"ONBOARDING RECORD — driver DRV-01017 (employee), home hub HUB-CHI.~~NL~~Hire date 2021-02-14. Completed orientation, safety briefing, and employee handbook acknowledgment. Vehicle familiarization and route-app training complete. Filed by D. Marchetti (People Ops)."
HR-6017,DRV-01018,onboarding,2024-03-07,K. Ellsworth (People Ops),"ONBOARDING RECORD — driver DRV-01018 (employee), home hub HUB-CMH.~~NL~~Hire date 2024-03-04. Completed orientation, safety briefing, and employee handbook acknowledgment. Vehicle familiarization and route-app training complete. Filed by K. Ellsworth (People Ops)."
HR-6018,DRV-01019,onboarding,2019-01-22,K. Ellsworth (People Ops),"ONBOARDING RECORD — driver DRV-01019 (contractor), home hub HUB-CIN.~~NL~~Hire date 2019-01-18. Completed orientation, safety briefing, and contractor agreement acknowledgment. Vehicle familiarization and route-app training complete. Filed by K. Ellsworth (People Ops)."
HR-6019,DRV-01020,onboarding,2023-06-17,D. Marchetti (People Ops),"ONBOARDING RECORD — driver DRV-01020 (employee), home hub HUB-CHI.~~NL~~Hire date 2023-06-13. Completed orientation, safety briefing, and employee handbook acknowledgment. Vehicle familiarization and route-app training complete. Filed by D. Marchetti (People Ops)."
HR-6020,DRV-01021,onboarding,2019-11-07,D. Marchetti (People Ops),"ONBOARDING RECORD — driver DRV-01021 (contractor), home hub HUB-DET.~~NL~~Hire date 2019-11-06. Completed orientation, safety briefing, and contractor agreement acknowledgment. Vehicle familiarization and route-app training complete. Filed by D. Marchetti (People Ops)."
HR-6021,DRV-01022,onboarding,2023-02-07,R. Sandoval (People Ops),"ONBOARDING RECORD — driver DRV-01022 (employee), home hub HUB-DET.~~NL~~Hire date 2023-02-07. Completed orientation, safety briefing, and employee handbook acknowledgment. Vehicle familiarization and route-app training complete. Filed by R. Sandoval (People Ops)."
HR-6022,DRV-01023,onboarding,2023-06-17,D. Marchetti (People Ops),"ONBOARDING RECORD — driver DRV-01023 (contractor), home hub HUB-CIN.~~NL~~Hire date 2023-06-17. Completed orientation, safety briefing, and contractor agreement acknowledgment. Vehicle familiarization and route-app training complete. Filed by D. Marchetti (People Ops)."
HR-6023,DRV-01024,onboarding,2018-09-01,R. Sandoval (People Ops),"ONBOARDING RECORD — driver DRV-01024 (employee), home hub HUB-IND.~~NL~~Hire date 2018-08-28. Completed orientation, safety briefing, and employee handbook acknowledgment. Vehicle familiarization and route-app training complete. Filed by R. Sandoval (People Ops)."
HR-6024,DRV-01025,onboarding,2021-07-11,K. Ellsworth (People Ops),"ONBOARDING RECORD — driver DRV-01025 (employee), home hub HUB-CIN.~~NL~~Hire date 2021-07-08. Completed orientation, safety briefing, and employee handbook acknowledgment. Vehicle familiarization and route-app training complete. Filed by K. Ellsworth (People Ops)."
HR-6025,DRV-01026,onboarding,2023-12-17,D. Marchetti (People Ops),"ONBOARDING RECORD — driver DRV-01026 (employee), home hub HUB-CIN.~~NL~~Hire date 2023-12-16. Completed orientation, safety briefing, and employee handbook acknowledgment. Vehicle familiarization and route-app training complete. Filed by D. Marchetti (People Ops)."
HR-6026,DRV-01027,onboarding,2020-02-01,D. Marchetti (People Ops),"ONBOARDING RECORD — driver DRV-01027 (employee), home hub HUB-CIN.~~NL~~Hire date 2020-02-01. Completed orientation, safety briefing, and employee handbook acknowledgment. Vehicle familiarization and route-app training complete. Filed by D. Marchetti (People Ops)."
HR-6027,DRV-01028,onboarding,2020-08-25,R. Sandoval (People Ops),"ONBOARDING RECORD — driver DRV-01028 (contractor), home hub HUB-CMH.~~NL~~Hire date 2020-08-21. Completed orientation, safety briefing, and contractor agreement acknowledgment. Vehicle familiarization and route-app training complete. Filed by R. Sandoval (People Ops)."
HR-6028,DRV-01029,onboarding,2024-09-03,K. Ellsworth (People Ops),"ONBOARDING RECORD — driver DRV-01029 (employee), home hub HUB-CIN.~~NL~~Hire date 2024-09-01. Completed orientation, safety briefing, and employee handbook acknowledgment. Vehicle familiarization and route-app training complete. Filed by K. Ellsworth (People Ops)."
HR-6029,DRV-01030,onboarding,2024-07-18,R. Sandoval (People Ops),"ONBOARDING RECORD — driver DRV-01030 (employee), home hub HUB-CMH.~~NL~~Hire date 2024-07-18. Completed orientation, safety briefing, and employee handbook acknowledgment. Vehicle familiarization and route-app training complete. Filed by R. Sandoval (People Ops)."
HR-6030,DRV-01031,onboarding,2020-04-19,K. Ellsworth (People Ops),"ONBOARDING RECORD — driver DRV-01031 (contractor), home hub HUB-IND.~~NL~~Hire date 2020-04-16. Completed orientation, safety briefing, and contractor agreement acknowledgment. Vehicle familiarization and route-app training complete. Filed by K. Ellsworth (People Ops)."
HR-6031,DRV-01032,onboarding,2022-06-13,K. Ellsworth (People Ops),"ONBOARDING RECORD — driver DRV-01032 (employee), home hub HUB-IND.~~NL~~Hire date 2022-06-10. Completed orientation, safety briefing, and employee handbook acknowledgment. Vehicle familiarization and route-app training complete. Filed by K. Ellsworth (People Ops)."
HR-6032,DRV-01033,onboarding,2018-10-27,R. Sandoval (People Ops),"ONBOARDING RECORD — driver DRV-01033 (employee), home hub HUB-IND.~~NL~~Hire date 2018-10-25. Completed orientation, safety briefing, and employee handbook acknowledgment. Vehicle familiarization and route-app training complete. Filed by R. Sandoval (People Ops)."
HR-6033,DRV-01034,onboarding,2019-02-16,D. Marchetti (People Ops),"ONBOARDING RECORD — driver DRV-01034 (contractor), home hub HUB-CIN.~~NL~~Hire date 2019-02-14. Completed orientation, safety briefing, and contractor agreement acknowledgment. Vehicle familiarization and route-app training complete. Filed by D. Marchetti (People Ops)."
HR-6034,DRV-01035,onboarding,2019-06-30,D. Marchetti (People Ops),"ONBOARDING RECORD — driver DRV-01035 (employee), home hub HUB-CHI.~~NL~~Hire date 2019-06-27. Completed orientation, safety briefing, and employee handbook acknowledgment. Vehicle familiarization and route-app training complete. Filed by D. Marchetti (People Ops)."
HR-6035,DRV-01036,onboarding,2022-02-26,K. Ellsworth (People Ops),"ONBOARDING RECORD — driver DRV-01036 (contractor), home hub HUB-CMH.~~NL~~Hire date 2022-02-22. Completed orientation, safety briefing, and contractor agreement acknowledgment. Vehicle familiarization and route-app training complete. Filed by K. Ellsworth (People Ops)."
HR-6036,DRV-01037,onboarding,2021-05-27,D. Marchetti (People Ops),"ONBOARDING RECORD — driver DRV-01037 (contractor), home hub HUB-DET.~~NL~~Hire date 2021-05-24. Completed orientation, safety briefing, and contractor agreement acknowledgment. Vehicle familiarization and route-app training complete. Filed by D. Marchetti (People Ops)."
HR-6037,DRV-01038,onboarding,2024-03-21,R. Sandoval (People Ops),"ONBOARDING RECORD — driver DRV-01038 (employee), home hub HUB-CIN.~~NL~~Hire date 2024-03-21. Completed orientation, safety briefing, and employee handbook acknowledgment. Vehicle familiarization and route-app training complete. Filed by R. Sandoval (People Ops)."
HR-6038,DRV-01039,onboarding,2019-07-07,D. Marchetti (People Ops),"ONBOARDING RECORD — driver DRV-01039 (contractor), home hub HUB-CMH.~~NL~~Hire date 2019-07-05. Completed orientation, safety briefing, and contractor agreement acknowledgment. Vehicle familiarization and route-app training complete. Filed by D. Marchetti (People Ops)."
HR-6039,DRV-01040,onboarding,2019-10-02,R. Sandoval (People Ops),"ONBOARDING RECORD — driver DRV-01040 (contractor), home hub HUB-CMH.~~NL~~Hire date 2019-09-29. Completed orientation, safety briefing, and contractor agreement acknowledgment. Vehicle familiarization and route-app training complete. Filed by R. Sandoval (People Ops)."
HR-6040,DRV-01041,onboarding,2021-11-10,D. Marchetti (People Ops),"ONBOARDING RECORD — driver DRV-01041 (employee), home hub HUB-CIN.~~NL~~Hire date 2021-11-05. Completed orientation, safety briefing, and employee handbook acknowledgment. Vehicle familiarization and route-app training complete. Filed by D. Marchetti (People Ops)."
HR-6041,DRV-01042,onboarding,2020-10-27,K. Ellsworth (People Ops),"ONBOARDING RECORD — driver DRV-01042 (employee), home hub HUB-IND.~~NL~~Hire date 2020-10-25. Completed orientation, safety briefing, and employee handbook acknowledgment. Vehicle familiarization and route-app training complete. Filed by K. Ellsworth (People Ops)."
HR-6042,DRV-01043,onboarding,2022-10-01,R. Sandoval (People Ops),"ONBOARDING RECORD — driver DRV-01043 (employee), home hub HUB-CMH.~~NL~~Hire date 2022-10-01. Completed orientation, safety briefing, and employee handbook acknowledgment. Vehicle familiarization and route-app training complete. Filed by R. Sandoval (People Ops)."
HR-6043,DRV-01044,onboarding,2019-06-21,K. Ellsworth (People Ops),"ONBOARDING RECORD — driver DRV-01044 (employee), home hub HUB-CMH.~~NL~~Hire date 2019-06-20. Completed orientation, safety briefing, and employee handbook acknowledgment. Vehicle familiarization and route-app training complete. Filed by K. Ellsworth (People Ops)."
HR-6044,DRV-01045,onboarding,2022-12-15,K. Ellsworth (People Ops),"ONBOARDING RECORD — driver DRV-01045 (employee), home hub HUB-IND.~~NL~~Hire date 2022-12-15. Completed orientation, safety briefing, and employee handbook acknowledgment. Vehicle familiarization and route-app training complete. Filed by K. Ellsworth (People Ops)."
HR-6045,DRV-01046,onboarding,2019-04-04,K. Ellsworth (People Ops),"ONBOARDING RECORD — driver DRV-01046 (employee), home hub HUB-DET.~~NL~~Hire date 2019-04-04. Completed orientation, safety briefing, and employee handbook acknowledgment. Vehicle familiarization and route-app training complete. Filed by K. Ellsworth (People Ops)."
HR-6046,DRV-01047,onboarding,2022-02-26,D. Marchetti (People Ops),"ONBOARDING RECORD — driver DRV-01047 (employee), home hub HUB-CHI.~~NL~~Hire date 2022-02-21. Completed orientation, safety briefing, and employee handbook acknowledgment. Vehicle familiarization and route-app training complete. Filed by D. Marchetti (People Ops)."
HR-6047,DRV-01048,onboarding,2018-06-24,R. Sandoval (People Ops),"ONBOARDING RECORD — driver DRV-01048 (employee), home hub HUB-CHI.~~NL~~Hire date 2018-06-21. Completed orientation, safety briefing, and employee handbook acknowledgment. Vehicle familiarization and route-app training complete. Filed by R. Sandoval (People Ops)."
HR-6048,DRV-01049,onboarding,2020-05-11,K. Ellsworth (People Ops),"ONBOARDING RECORD — driver DRV-01049 (contractor), home hub HUB-CMH.~~NL~~Hire date 2020-05-10. Completed orientation, safety briefing, and contractor agreement acknowledgment. Vehicle familiarization and route-app training complete. Filed by K. Ellsworth (People Ops)."
HR-6049,DRV-01188,onboarding,2022-06-14,K. Ellsworth (People Ops),"ONBOARDING RECORD — driver DRV-01188 (contractor), home hub HUB-IND.~~NL~~Hire date 2022-06-13. Completed orientation, safety briefing, and contractor agreement acknowledgment. Vehicle familiarization and route-app training complete. Filed by K. Ellsworth (People Ops)."
HR-6050,DRV-01047,disciplinary,2025-09-01,D. Marchetti (People Ops),DISCIPLINARY NOTE — driver DRV-01047 (employee). Coaching session logged regarding POD compliance. Acknowledged and filed by D. Marchetti (People Ops) on 2025-09-01.
HR-6051,DRV-01004,disciplinary,2025-01-04,D. Marchetti (People Ops),DISCIPLINARY NOTE — driver DRV-01004 (contractor). Verbal warning for repeated late starts. Acknowledged and filed by D. Marchetti (People Ops) on 2025-01-04.
HR-6052,DRV-01020,training,2025-12-20,K. Ellsworth (People Ops),TRAINING RECORD — driver DRV-01020. Completed customer service basics on 2025-12-20. Filed by K. Ellsworth (People Ops).
HR-6053,DRV-01018,training,2025-03-19,R. Sandoval (People Ops),TRAINING RECORD — driver DRV-01018. Completed customer service basics on 2025-03-19. Filed by R. Sandoval (People Ops).
HR-6054,DRV-01008,training,2025-03-25,K. Ellsworth (People Ops),TRAINING RECORD — driver DRV-01008. Completed customer service basics on 2025-03-25. Filed by K. Ellsworth (People Ops).
HR-6055,DRV-01041,training,2025-09-17,D. Marchetti (People Ops),TRAINING RECORD — driver DRV-01041. Completed winter operations module on 2025-09-17. Filed by D. Marchetti (People Ops).
HR-6056,DRV-01037,training,2025-05-11,D. Marchetti (People Ops),TRAINING RECORD — driver DRV-01037. Completed customer service basics on 2025-05-11. Filed by D. Marchetti (People Ops).
HR-6057,DRV-01015,training,2025-05-23,K. Ellsworth (People Ops),TRAINING RECORD — driver DRV-01015. Completed defensive driving refresher on 2025-05-23. Filed by K. Ellsworth (People Ops).
HR-6058,DRV-01023,disciplinary,2025-04-22,R. Sandoval (People Ops),DISCIPLINARY NOTE — driver DRV-01023 (contractor). Coaching session logged regarding POD compliance. Acknowledged and filed by R. Sandoval (People Ops) on 2025-04-22.
HR-6059,DRV-01048,training,2025-02-16,K. Ellsworth (People Ops),TRAINING RECORD — driver DRV-01048. Completed defensive driving refresher on 2025-02-16. Filed by K. Ellsworth (People Ops).
HR-9200,DRV-01006,training,2025-05-20,D. Marchetti (People Ops),TRAINING RECORD — DRV-01006. Completed the new scan-to-confirm bin verification process rolled out after the Indianapolis mispick (INC-2025-02233). Acknowledged mandatory scan at pick and the no-override rule.
HR-9201,DRV-01024,training,2025-05-20,D. Marchetti (People Ops),TRAINING RECORD — DRV-01024. Completed the new scan-to-confirm bin verification process rolled out after the Indianapolis mispick (INC-2025-02233). Acknowledged mandatory scan at pick and the no-override rule.
HR-9300,DRV-01188,disciplinary,2025-08-15,K. Ellsworth (People Ops),DISCIPLINARY NOTE — DRV-01188 (contractor). Verbal warning issued for incomplete routes and repeated in-window failures. Driver acknowledged.
HR-9301,DRV-01188,disciplinary,2025-08-22,K. Ellsworth (People Ops),"DISCIPLINARY NOTE — DRV-01188 (contractor). Written warning. Recorded as a NO-CALL/NO-SHOW on 08/21: 12 stops missed, driver did not notify dispatch and was unreachable during the service window. Second incident in one week."
HR-9302,DRV-01188,disciplinary,2025-09-08,R. Sandoval (People Ops),"DEACTIVATION NOTICE — DRV-01188 (contractor). Following repeated route failures and the 08/21 no-call/no-show, the contractor relationship is deactivated for cause per the driver agreement. Driver disputes the 08/21 characterization, stating he reported a mechanical issue and was told to stand by."
HR-6100,DRV-01019,certification,2019-02-28,D. Marchetti (People Ops),"CERTIFICATION RECORD — driver DRV-01019 (contractor), home hub HUB-CIN.~~NL~~Defensive driving certification renewed 2019-02-28; valid through 2021-02-27.~~NL~~Copy on file. Filed by D. Marchetti (People Ops)."
HR-6074,DRV-01048,review,2019-06-22,D. Marchetti (People Ops),"PERFORMANCE REVIEW — driver DRV-01048 (employee), home hub HUB-CHI.~~NL~~2019 annual review completed 2019-06-22. Overall rating meets most expectations.~~NL~~Steady year with no safety events; completed all assigned compliance modules. Filed by D. Marchetti (People Ops)."
HR-6081,DRV-01009,review,2019-07-15,K. Ellsworth (People Ops),"PERFORMANCE REVIEW — driver DRV-01009 (employee), home hub HUB-CMH.~~NL~~2019 annual review completed 2019-07-15. Overall rating exceeds expectations.~~NL~~Strong on disputed-delivery follow-through; a trusted escalation point. Filed by K. Ellsworth (People Ops)."
HR-6094,DRV-01014,review,2019-09-03,D. Marchetti (People Ops),"PERFORMANCE REVIEW — driver DRV-01014 (contractor), home hub HUB-DET.~~NL~~2019 annual review completed 2019-09-03. Overall rating meets expectations.~~NL~~Consistent on-time performance and clean paperwork; a reliable route lead. Filed by D. Marchetti (People Ops)."
HR-6083,DRV-01033,review,2019-10-25,K. Ellsworth (People Ops),"PERFORMANCE REVIEW — driver DRV-01033 (employee), home hub HUB-IND.~~NL~~2019 annual review completed 2019-10-25. Overall rating developing.~~NL~~Steady year with no safety events; completed all assigned compliance modules. Filed by K. Ellsworth (People Ops)."
HR-6096,DRV-01002,certification,2019-11-01,K. Ellsworth (People Ops),"CERTIFICATION RECORD — driver DRV-01002 (contractor), home hub HUB-CIN.~~NL~~First aid / CPR certification renewed 2019-11-01; valid through 2021-10-31.~~NL~~Copy on file. Filed by K. Ellsworth (People Ops)."
HR-6110,DRV-01039,certification,2019-11-02,K. Ellsworth (People Ops),"CERTIFICATION RECORD — driver DRV-01039 (contractor), home hub HUB-CMH.~~NL~~DOT medical examiner's certificate renewed 2019-11-02; valid through 2021-11-01.~~NL~~Copy on file. Filed by K. Ellsworth (People Ops)."
HR-6108,DRV-01021,certification,2019-11-24,K. Ellsworth (People Ops),"CERTIFICATION RECORD — driver DRV-01021 (contractor), home hub HUB-DET.~~NL~~Forklift operator certification renewed 2019-11-24; valid through 2021-11-23.~~NL~~Copy on file. Filed by K. Ellsworth (People Ops)."
HR-6072,DRV-01001,review,2019-12-05,K. Ellsworth (People Ops),"PERFORMANCE REVIEW — driver DRV-01001 (contractor), home hub HUB-CMH.~~NL~~2019 annual review completed 2019-12-05. Overall rating exceeds expectations.~~NL~~Meets route metrics; coaching offered on winter-approach following distance. Filed by K. Ellsworth (People Ops)."
HR-6066,DRV-01034,review,2020-04-17,K. Ellsworth (People Ops),"PERFORMANCE REVIEW — driver DRV-01034 (contractor), home hub HUB-CIN.~~NL~~2020 annual review completed 2020-04-17. Overall rating developing.~~NL~~Good route discipline; noted a few late pre-trip starts to correct. Filed by K. Ellsworth (People Ops)."
HR-6113,DRV-01001,certification,2020-06-21,R. Sandoval (People Ops),"CERTIFICATION RECORD — driver DRV-01001 (contractor), home hub HUB-CMH.~~NL~~DOT medical examiner's certificate renewed 2020-06-21; valid through 2022-06-21.~~NL~~Copy on file. Filed by R. Sandoval (People Ops)."
HR-6124,DRV-01046,disciplinary,2020-08-24,D. Marchetti (People Ops),DISCIPLINARY NOTE — driver DRV-01046 (employee). Coaching session logged regarding pre-trip inspection completion. Acknowledged and filed by D. Marchetti (People Ops) on 2020-08-24.
HR-6090,DRV-01044,review,2020-09-06,K. Ellsworth (People Ops),"PERFORMANCE REVIEW — driver DRV-01044 (employee), home hub HUB-CMH.~~NL~~2020 annual review completed 2020-09-06. Overall rating meets expectations.~~NL~~Meets route metrics; coaching offered on winter-approach following distance. Filed by K. Ellsworth (People Ops)."
HR-6103,DRV-01031,certification,2020-09-18,D. Marchetti (People Ops),"CERTIFICATION RECORD — driver DRV-01031 (contractor), home hub HUB-IND.~~NL~~Forklift operator certification renewed 2020-09-18; valid through 2022-09-18.~~NL~~Copy on file. Filed by D. Marchetti (People Ops)."
HR-6114,DRV-01019,certification,2020-09-23,K. Ellsworth (People Ops),"CERTIFICATION RECORD — driver DRV-01019 (contractor), home hub HUB-CIN.~~NL~~Defensive driving certification renewed 2020-09-23; valid through 2022-09-23.~~NL~~Copy on file. Filed by K. Ellsworth (People Ops)."
HR-6079,DRV-01001,review,2020-10-06,K. Ellsworth (People Ops),"PERFORMANCE REVIEW — driver DRV-01001 (contractor), home hub HUB-CMH.~~NL~~2020 annual review completed 2020-10-06. Overall rating exceeds expectations.~~NL~~Consistent on-time performance and clean paperwork; a reliable route lead. Filed by K. Ellsworth (People Ops)."
HR-6109,DRV-01014,certification,2020-11-13,K. Ellsworth (People Ops),"CERTIFICATION RECORD — driver DRV-01014 (contractor), home hub HUB-DET.~~NL~~Hazmat awareness certification renewed 2020-11-13; valid through 2022-11-13.~~NL~~Copy on file. Filed by K. Ellsworth (People Ops)."
HR-6087,DRV-01021,review,2020-11-17,R. Sandoval (People Ops),"PERFORMANCE REVIEW — driver DRV-01021 (contractor), home hub HUB-DET.~~NL~~2020 annual review completed 2020-11-17. Overall rating meets expectations.~~NL~~Strong on disputed-delivery follow-through; a trusted escalation point. Filed by R. Sandoval (People Ops)."
HR-6078,DRV-01040,review,2020-11-28,R. Sandoval (People Ops),"PERFORMANCE REVIEW — driver DRV-01040 (contractor), home hub HUB-CMH.~~NL~~2020 annual review completed 2020-11-28. Overall rating meets most expectations.~~NL~~Meets route metrics; coaching offered on winter-approach following distance. Filed by R. Sandoval (People Ops)."
HR-6126,DRV-01021,disciplinary,2021-01-05,K. Ellsworth (People Ops),DISCIPLINARY NOTE — driver DRV-01021 (contractor). Coaching session logged regarding POD compliance. Acknowledged and filed by K. Ellsworth (People Ops) on 2021-01-05.
HR-6116,DRV-01033,training,2021-01-19,R. Sandoval (People Ops),TRAINING RECORD — driver DRV-01033. Completed defensive driving refresher on 2021-01-19. Filed by R. Sandoval (People Ops).
HR-6102,DRV-01035,certification,2021-06-03,D. Marchetti (People Ops),"CERTIFICATION RECORD — driver DRV-01035 (employee), home hub HUB-CHI.~~NL~~DOT medical examiner's certificate renewed 2021-06-03; valid through 2023-06-03.~~NL~~Copy on file. Filed by D. Marchetti (People Ops)."
HR-6073,DRV-01001,review,2021-06-21,R. Sandoval (People Ops),"PERFORMANCE REVIEW — driver DRV-01001 (contractor), home hub HUB-CMH.~~NL~~2021 annual review completed 2021-06-21. Overall rating exceeds expectations.~~NL~~Strong on disputed-delivery follow-through; a trusted escalation point. Filed by R. Sandoval (People Ops)."
HR-6084,DRV-01040,review,2021-06-28,K. Ellsworth (People Ops),"PERFORMANCE REVIEW — driver DRV-01040 (contractor), home hub HUB-CMH.~~NL~~2021 annual review completed 2021-06-28. Overall rating meets most expectations.~~NL~~Handles customer handoffs well; encouraged to tighten end-of-day POD filing. Filed by K. Ellsworth (People Ops)."
HR-6104,DRV-01017,certification,2021-06-28,K. Ellsworth (People Ops),"CERTIFICATION RECORD — driver DRV-01017 (employee), home hub HUB-CHI.~~NL~~DOT medical examiner's certificate renewed 2021-06-28; valid through 2023-06-28.~~NL~~Copy on file. Filed by K. Ellsworth (People Ops)."
HR-6098,DRV-01024,certification,2021-06-30,R. Sandoval (People Ops),"CERTIFICATION RECORD — driver DRV-01024 (employee), home hub HUB-IND.~~NL~~Air brake endorsement renewed 2021-06-30; valid through 2023-06-30.~~NL~~Copy on file. Filed by R. Sandoval (People Ops)."
HR-6101,DRV-01009,certification,2021-07-31,D. Marchetti (People Ops),"CERTIFICATION RECORD — driver DRV-01009 (employee), home hub HUB-CMH.~~NL~~Hazmat awareness certification renewed 2021-07-31; valid through 2023-07-31.~~NL~~Copy on file. Filed by D. Marchetti (People Ops)."
HR-6088,DRV-01046,review,2021-08-13,D. Marchetti (People Ops),"PERFORMANCE REVIEW — driver DRV-01046 (employee), home hub HUB-DET.~~NL~~2021 annual review completed 2021-08-13. Overall rating developing.~~NL~~Good route discipline; noted a few late pre-trip starts to correct. Filed by D. Marchetti (People Ops)."
HR-6067,DRV-01008,review,2021-08-18,D. Marchetti (People Ops),"PERFORMANCE REVIEW — driver DRV-01008 (employee), home hub HUB-CIN.~~NL~~2021 annual review completed 2021-08-18. Overall rating developing.~~NL~~Strong on disputed-delivery follow-through; a trusted escalation point. Filed by D. Marchetti (People Ops)."
HR-6077,DRV-01033,review,2021-12-19,D. Marchetti (People Ops),"PERFORMANCE REVIEW — driver DRV-01033 (employee), home hub HUB-IND.~~NL~~2021 annual review completed 2021-12-19. Overall rating developing.~~NL~~Good route discipline; noted a few late pre-trip starts to correct. Filed by D. Marchetti (People Ops)."
HR-6097,DRV-01014,certification,2022-01-01,K. Ellsworth (People Ops),"CERTIFICATION RECORD — driver DRV-01014 (contractor), home hub HUB-DET.~~NL~~First aid / CPR certification renewed 2022-01-01; valid through 2024-01-01.~~NL~~Copy on file. Filed by K. Ellsworth (People Ops)."
HR-6070,DRV-01039,review,2022-01-13,R. Sandoval (People Ops),"PERFORMANCE REVIEW — driver DRV-01039 (contractor), home hub HUB-CMH.~~NL~~2022 annual review completed 2022-01-13. Overall rating meets most expectations.~~NL~~Strong on disputed-delivery follow-through; a trusted escalation point. Filed by R. Sandoval (People Ops)."
HR-6091,DRV-01008,review,2022-05-01,K. Ellsworth (People Ops),"PERFORMANCE REVIEW — driver DRV-01008 (employee), home hub HUB-CIN.~~NL~~2022 annual review completed 2022-05-01. Overall rating developing.~~NL~~Strong on disputed-delivery follow-through; a trusted escalation point. Filed by K. Ellsworth (People Ops)."
HR-6118,DRV-01037,training,2022-05-17,R. Sandoval (People Ops),TRAINING RECORD — driver DRV-01037. Completed defensive driving refresher on 2022-05-17. Filed by R. Sandoval (People Ops).
HR-6119,DRV-01031,training,2022-08-05,D. Marchetti (People Ops),TRAINING RECORD — driver DRV-01031. Completed customer service basics on 2022-08-05. Filed by D. Marchetti (People Ops).
HR-6105,DRV-01001,certification,2022-09-08,D. Marchetti (People Ops),"CERTIFICATION RECORD — driver DRV-01001 (contractor), home hub HUB-CMH.~~NL~~Air brake endorsement renewed 2022-09-08; valid through 2024-09-07.~~NL~~Copy on file. Filed by D. Marchetti (People Ops)."
HR-6115,DRV-01037,certification,2022-09-09,R. Sandoval (People Ops),"CERTIFICATION RECORD — driver DRV-01037 (contractor), home hub HUB-DET.~~NL~~First aid / CPR certification renewed 2022-09-09; valid through 2024-09-08.~~NL~~Copy on file. Filed by R. Sandoval (People Ops)."
HR-6111,DRV-01024,certification,2022-09-10,R. Sandoval (People Ops),"CERTIFICATION RECORD — driver DRV-01024 (employee), home hub HUB-IND.~~NL~~Hazmat awareness certification renewed 2022-09-10; valid through 2024-09-09.~~NL~~Copy on file. Filed by R. Sandoval (People Ops)."
HR-6095,DRV-01037,review,2022-09-13,R. Sandoval (People Ops),"PERFORMANCE REVIEW — driver DRV-01037 (contractor), home hub HUB-DET.~~NL~~2022 annual review completed 2022-09-13. Overall rating meets expectations.~~NL~~Steady year with no safety events; completed all assigned compliance modules. Filed by R. Sandoval (People Ops)."
HR-6060,DRV-01189,onboarding,2022-09-16,D. Marchetti (People Ops),"ONBOARDING RECORD — driver DRV-01189 (contractor), home hub HUB-CMH.~~NL~~Hire date 2022-09-14. Completed orientation, safety briefing, and contractor agreement acknowledgment. Vehicle familiarization and route-app training complete. Filed by D. Marchetti (People Ops)."
HR-6082,DRV-01015,review,2022-10-22,R. Sandoval (People Ops),"PERFORMANCE REVIEW — driver DRV-01015 (employee), home hub HUB-CMH.~~NL~~2022 annual review completed 2022-10-22. Overall rating meets expectations.~~NL~~Consistent on-time performance and clean paperwork; a reliable route lead. Filed by R. Sandoval (People Ops)."
HR-6071,DRV-01009,review,2022-12-09,R. Sandoval (People Ops),"PERFORMANCE REVIEW — driver DRV-01009 (employee), home hub HUB-CMH.~~NL~~2022 annual review completed 2022-12-09. Overall rating exceeds expectations.~~NL~~Good route discipline; noted a few late pre-trip starts to correct. Filed by R. Sandoval (People Ops)."
HR-6125,DRV-01049,disciplinary,2022-12-09,D. Marchetti (People Ops),DISCIPLINARY NOTE — driver DRV-01049 (contractor). Coaching session logged regarding pre-trip inspection completion. Acknowledged and filed by D. Marchetti (People Ops) on 2022-12-09.
HR-6092,DRV-01046,review,2023-01-04,R. Sandoval (People Ops),"PERFORMANCE REVIEW — driver DRV-01046 (employee), home hub HUB-DET.~~NL~~2023 annual review completed 2023-01-04. Overall rating developing.~~NL~~Strong on disputed-delivery follow-through; a trusted escalation point. Filed by R. Sandoval (People Ops)."
HR-6076,DRV-01033,review,2023-02-08,R. Sandoval (People Ops),"PERFORMANCE REVIEW — driver DRV-01033 (employee), home hub HUB-IND.~~NL~~2023 annual review completed 2023-02-08. Overall rating developing.~~NL~~Consistent on-time performance and clean paperwork; a reliable route lead. Filed by R. Sandoval (People Ops)."
HR-6099,DRV-01028,certification,2023-02-19,D. Marchetti (People Ops),"CERTIFICATION RECORD — driver DRV-01028 (contractor), home hub HUB-CMH.~~NL~~Forklift operator certification renewed 2023-02-19; valid through 2025-02-18.~~NL~~Copy on file. Filed by D. Marchetti (People Ops)."
HR-6061,DRV-01190,onboarding,2023-03-21,K. Ellsworth (People Ops),"ONBOARDING RECORD — driver DRV-01190 (contractor), home hub HUB-CHI.~~NL~~Hire date 2023-03-19. Completed orientation, safety briefing, and contractor agreement acknowledgment. Vehicle familiarization and route-app training complete. Filed by K. Ellsworth (People Ops)."
HR-6085,DRV-01036,review,2023-05-01,D. Marchetti (People Ops),"PERFORMANCE REVIEW — driver DRV-01036 (contractor), home hub HUB-CMH.~~NL~~2023 annual review completed 2023-05-01. Overall rating meets most expectations.~~NL~~Handles customer handoffs well; encouraged to tighten end-of-day POD filing. Filed by D. Marchetti (People Ops)."
HR-6106,DRV-01188,certification,2023-05-25,R. Sandoval (People Ops),"CERTIFICATION RECORD — driver DRV-01188 (contractor), home hub HUB-IND.~~NL~~Forklift operator certification renewed 2023-05-25; valid through 2025-05-24.~~NL~~Copy on file. Filed by R. Sandoval (People Ops)."
HR-6107,DRV-01034,certification,2023-07-24,K. Ellsworth (People Ops),"CERTIFICATION RECORD — driver DRV-01034 (contractor), home hub HUB-CIN.~~NL~~First aid / CPR certification renewed 2023-07-24; valid through 2025-07-23.~~NL~~Copy on file. Filed by K. Ellsworth (People Ops)."
HR-6123,DRV-01034,disciplinary,2023-07-30,D. Marchetti (People Ops),DISCIPLINARY NOTE — driver DRV-01034 (contractor). Verbal warning for repeated late starts. Acknowledged and filed by D. Marchetti (People Ops) on 2023-07-30.
HR-6062,DRV-01191,onboarding,2023-08-11,R. Sandoval (People Ops),"ONBOARDING RECORD — driver DRV-01191 (employee), home hub HUB-IND.~~NL~~Hire date 2023-08-07. Completed orientation, safety briefing, and employee handbook acknowledgment. Vehicle familiarization and route-app training complete. Filed by R. Sandoval (People Ops)."
HR-6069,DRV-01012,review,2023-08-25,R. Sandoval (People Ops),"PERFORMANCE REVIEW — driver DRV-01012 (contractor), home hub HUB-CHI.~~NL~~2023 annual review completed 2023-08-25. Overall rating meets most expectations.~~NL~~Meets route metrics; coaching offered on winter-approach following distance. Filed by R. Sandoval (People Ops)."
HR-6112,DRV-01019,certification,2023-08-27,K. Ellsworth (People Ops),"CERTIFICATION RECORD — driver DRV-01019 (contractor), home hub HUB-CIN.~~NL~~Air brake endorsement renewed 2023-08-27; valid through 2025-08-26.~~NL~~Copy on file. Filed by K. Ellsworth (People Ops)."
HR-6117,DRV-01024,training,2023-10-11,K. Ellsworth (People Ops),TRAINING RECORD — driver DRV-01024. Completed customer service basics on 2023-10-11. Filed by K. Ellsworth (People Ops).
HR-6093,DRV-01189,review,2023-10-21,D. Marchetti (People Ops),"PERFORMANCE REVIEW — driver DRV-01189 (contractor), home hub HUB-CMH.~~NL~~2023 annual review completed 2023-10-21. Overall rating meets expectations.~~NL~~Strong on disputed-delivery follow-through; a trusted escalation point. Filed by D. Marchetti (People Ops)."
HR-6121,DRV-01047,training,2023-12-06,D. Marchetti (People Ops),TRAINING RECORD — driver DRV-01047. Completed winter operations module on 2023-12-06. Filed by D. Marchetti (People Ops).
HR-6063,DRV-01192,onboarding,2024-01-26,K. Ellsworth (People Ops),"ONBOARDING RECORD — driver DRV-01192 (contractor), home hub HUB-CIN.~~NL~~Hire date 2024-01-22. Completed orientation, safety briefing, and contractor agreement acknowledgment. Vehicle familiarization and route-app training complete. Filed by K. Ellsworth (People Ops)."
HR-6080,DRV-01008,review,2024-01-29,K. Ellsworth (People Ops),"PERFORMANCE REVIEW — driver DRV-01008 (employee), home hub HUB-CIN.~~NL~~2024 annual review completed 2024-01-29. Overall rating developing.~~NL~~Strong on disputed-delivery follow-through; a trusted escalation point. Filed by K. Ellsworth (People Ops)."
HR-6086,DRV-01039,review,2024-03-30,D. Marchetti (People Ops),"PERFORMANCE REVIEW — driver DRV-01039 (contractor), home hub HUB-CMH.~~NL~~2024 annual review completed 2024-03-30. Overall rating meets most expectations.~~NL~~Steady year with no safety events; completed all assigned compliance modules. Filed by D. Marchetti (People Ops)."
HR-6064,DRV-01193,onboarding,2024-04-17,R. Sandoval (People Ops),"ONBOARDING RECORD — driver DRV-01193 (contractor), home hub HUB-DET.~~NL~~Hire date 2024-04-11. Completed orientation, safety briefing, and contractor agreement acknowledgment. Vehicle familiarization and route-app training complete. Filed by R. Sandoval (People Ops)."
HR-6120,DRV-01047,training,2024-05-18,R. Sandoval (People Ops),TRAINING RECORD — driver DRV-01047. Completed pre-trip inspection refresher on 2024-05-18. Filed by R. Sandoval (People Ops).
HR-6122,DRV-01031,disciplinary,2024-06-25,D. Marchetti (People Ops),DISCIPLINARY NOTE — driver DRV-01031 (contractor). Verbal warning for repeated late starts. Acknowledged and filed by D. Marchetti (People Ops) on 2024-06-25.
HR-6065,DRV-01194,onboarding,2024-08-02,R. Sandoval (People Ops),"ONBOARDING RECORD — driver DRV-01194 (employee), home hub HUB-CMH.~~NL~~Hire date 2024-07-30. Completed orientation, safety briefing, and employee handbook acknowledgment. Vehicle familiarization and route-app training complete. Filed by R. Sandoval (People Ops)."
HR-6075,DRV-01027,review,2024-08-31,D. Marchetti (People Ops),"PERFORMANCE REVIEW — driver DRV-01027 (employee), home hub HUB-CIN.~~NL~~2024 annual review completed 2024-08-31. Overall rating developing.~~NL~~Meets route metrics; coaching offered on winter-approach following distance. Filed by D. Marchetti (People Ops)."
HR-6068,DRV-01020,review,2024-10-29,D. Marchetti (People Ops),"PERFORMANCE REVIEW — driver DRV-01020 (employee), home hub HUB-CHI.~~NL~~2024 annual review completed 2024-10-29. Overall rating meets expectations.~~NL~~Consistent on-time performance and clean paperwork; a reliable route lead. Filed by D. Marchetti (People Ops)."
HR-6089,DRV-01037,review,2024-12-27,D. Marchetti (People Ops),"PERFORMANCE REVIEW — driver DRV-01037 (contractor), home hub HUB-DET.~~NL~~2024 annual review completed 2024-12-27. Overall rating meets expectations.~~NL~~Handles customer handoffs well; encouraged to tighten end-of-day POD filing. Filed by D. Marchetti (People Ops)."
HR-6127,DRV-01188,exit,2025-09-15,D. Marchetti (People Ops),"EXIT RECORD — driver DRV-01188 (contractor), home hub HUB-IND.~~NL~~Contractor relationship ended 2025-09-15 following the September deactivation. Equipment, fuel card and route-app access returned.~~NL~~Final settlement processed by D. Marchetti (People Ops)."
