report_id,incident_id,author,filed_at,severity,shipment_id,body
IR-7001,INC-2025-00029,M. Vieira (Safety),2025-05-22T13:18:00,1,SHP-202502-000209,"INCIDENT REPORT INC-2025-00029 — ACCIDENT (severity 1)~~NL~~Hub: HUB-CMH (Columbus). Filed by M. Vieira (Safety) on 2025-05-22.~~NL~~~~NL~~SUMMARY~~NL~~Accident event (severity 1) at Columbus. Linked entities: route RTE-CMH-20250518-002, vehicle VEH-0031.~~NL~~~~NL~~TIMELINE~~NL~~- 2025-05-18 13:18 event reported.~~NL~~- +00:20 supervisor on scene; area secured.~~NL~~- +01:30 impact assessed and affected shipments identified.~~NL~~~~NL~~ROOT CAUSE~~NL~~Loss of traction on an unsalted approach; contributing factor was reduced following distance.~~NL~~~~NL~~REMEDIATION~~NL~~Bin labeling audit initiated across the hub."
IR-7002,INC-2025-00067,P. Grantham (Safety),2025-10-14T17:35:00,4,,"INCIDENT REPORT INC-2025-00067 — ACCIDENT (severity 4)~~NL~~Hub: HUB-IND (Indianapolis). Filed by P. Grantham (Safety) on 2025-10-14.~~NL~~~~NL~~SUMMARY~~NL~~Accident event (severity 4) at Indianapolis. Linked entities: route RTE-IND-20251011-002, driver DRV-01032, vehicle VEH-0016.~~NL~~~~NL~~TIMELINE~~NL~~- 2025-10-11 17:35 event reported.~~NL~~- +00:20 supervisor on scene; area secured.~~NL~~- +01:30 impact assessed and affected shipments identified.~~NL~~~~NL~~ROOT CAUSE~~NL~~Driver misjudged stopping distance on a wet grade; the approach hadn't been salted yet.~~NL~~~~NL~~REMEDIATION~~NL~~Dispatch threshold adjusted for the affected conditions."
IR-7003,INC-2025-00068,M. Vieira (Safety),2025-01-30T09:39:00,1,SHP-202508-000161,"INCIDENT REPORT INC-2025-00068 — ACCIDENT (severity 1)~~NL~~Hub: HUB-IND (Indianapolis). Filed by M. Vieira (Safety) on 2025-01-30.~~NL~~~~NL~~SUMMARY~~NL~~Accident event (severity 1) at Indianapolis. Linked entities: route RTE-IND-20250127-005, driver DRV-01032, vehicle VEH-0013.~~NL~~~~NL~~TIMELINE~~NL~~- 2025-01-27 09:39 event reported.~~NL~~- +00:20 supervisor on scene; area secured.~~NL~~- +01:30 impact assessed and affected shipments identified.~~NL~~~~NL~~ROOT CAUSE~~NL~~Icy on-ramp combined with following too closely; standard winter-approach protocol wasn't followed.~~NL~~~~NL~~REMEDIATION~~NL~~Vehicle pulled for inspection; see linked work order."
IR-7004,INC-2025-00075,P. Grantham (Safety),2025-04-18T13:28:00,3,,"INCIDENT REPORT INC-2025-00075 — ACCIDENT (severity 3)~~NL~~Hub: HUB-CMH (Columbus). Filed by P. Grantham (Safety) on 2025-04-18.~~NL~~~~NL~~SUMMARY~~NL~~Accident event (severity 3) at Columbus. Linked entities: route RTE-CMH-20250416-005, vehicle VEH-0007.~~NL~~~~NL~~TIMELINE~~NL~~- 2025-04-16 13:28 event reported.~~NL~~- +00:20 supervisor on scene; area secured.~~NL~~- +01:30 impact assessed and affected shipments identified.~~NL~~~~NL~~ROOT CAUSE~~NL~~Braking distance was insufficient for road conditions; the approach hadn't been treated for ice.~~NL~~~~NL~~REMEDIATION~~NL~~Unit taken out of rotation pending a full brake and suspension inspection."
IR-7005,INC-2025-00080,M. Vieira (Safety),2025-07-12T12:27:00,1,,INCIDENT REPORT INC-2025-00080 — ACCIDENT (severity 1)~~NL~~Hub: HUB-CHI (Chicago). Filed by M. Vieira (Safety) on 2025-07-12.~~NL~~~~NL~~SUMMARY~~NL~~Accident event (severity 1) at Chicago. Linked entities: vehicle VEH-0019.~~NL~~~~NL~~TIMELINE~~NL~~- 2025-07-11 12:27 event reported.~~NL~~- +00:20 supervisor on scene; area secured.~~NL~~- +01:30 impact assessed and affected shipments identified.~~NL~~~~NL~~ROOT CAUSE~~NL~~A patch of black ice on an untreated ramp caught the driver off guard; following distance made it worse.~~NL~~~~NL~~REMEDIATION~~NL~~Vehicle held for inspection; findings folded into the fleet's quarterly maintenance review.
IR-7006,INC-2025-00083,P. Grantham (Safety),2025-07-04T10:58:00,1,,INCIDENT REPORT INC-2025-00083 — ACCIDENT (severity 1)~~NL~~Hub: HUB-DET (Detroit). Filed by P. Grantham (Safety) on 2025-07-04.~~NL~~~~NL~~SUMMARY~~NL~~Accident event (severity 1) at Detroit. Linked entities: vehicle VEH-0029.~~NL~~~~NL~~TIMELINE~~NL~~- 2025-07-01 10:58 event reported.~~NL~~- +00:20 supervisor on scene; area secured.~~NL~~- +01:30 impact assessed and affected shipments identified.~~NL~~~~NL~~ROOT CAUSE~~NL~~Loss of traction on an unsalted approach; contributing factor was reduced following distance.~~NL~~~~NL~~REMEDIATION~~NL~~Retraining scheduled; process checklist updated.
IR-7008,INC-2025-00091,M. Vieira (Safety),2025-04-24T06:41:00,2,SHP-202505-000008,"INCIDENT REPORT INC-2025-00091 — ACCIDENT (severity 2)~~NL~~Hub: HUB-CMH (Columbus). Filed by M. Vieira (Safety) on 2025-04-24.~~NL~~~~NL~~SUMMARY~~NL~~Accident event (severity 2) at Columbus. Linked entities: route RTE-CMH-20250422-002, driver DRV-01010, vehicle VEH-0028.~~NL~~~~NL~~TIMELINE~~NL~~- 2025-04-22 06:41 event reported.~~NL~~- +00:20 supervisor on scene; area secured.~~NL~~- +01:30 impact assessed and affected shipments identified.~~NL~~~~NL~~ROOT CAUSE~~NL~~Driver misjudged stopping distance on a wet grade; the approach hadn't been salted yet.~~NL~~~~NL~~REMEDIATION~~NL~~Loading crew walked back through the securement checklist; a load-check step added before departure."
IR-7009,INC-2025-00100,L. Okonkwo (Safety),2025-03-14T15:08:00,4,SHP-202512-000326,"INCIDENT REPORT INC-2025-00100 — ACCIDENT (severity 4)~~NL~~Hub: HUB-CHI (Chicago). Filed by L. Okonkwo (Safety) on 2025-03-14.~~NL~~~~NL~~SUMMARY~~NL~~Accident event (severity 4) at Chicago. Linked entities: route RTE-CHI-20250313-003, vehicle VEH-0005.~~NL~~~~NL~~TIMELINE~~NL~~- 2025-03-13 15:08 event reported.~~NL~~- +00:20 supervisor on scene; area secured.~~NL~~- +01:30 impact assessed and affected shipments identified.~~NL~~~~NL~~ROOT CAUSE~~NL~~Icy on-ramp combined with following too closely; standard winter-approach protocol wasn't followed.~~NL~~~~NL~~REMEDIATION~~NL~~Refresher training booked for the shift; checklist now requires a supervisor sign-off."
IR-7013,INC-2025-00151,P. Grantham (Safety),2025-05-03T20:37:00,2,SHP-202511-000317,"INCIDENT REPORT INC-2025-00151 — ACCIDENT (severity 2)~~NL~~Hub: HUB-CHI (Chicago). Filed by P. Grantham (Safety) on 2025-05-03.~~NL~~~~NL~~SUMMARY~~NL~~Accident event (severity 2) at Chicago. Linked entities: route RTE-CHI-20250502-001, vehicle VEH-0040.~~NL~~~~NL~~TIMELINE~~NL~~- 2025-05-02 20:37 event reported.~~NL~~- +00:20 supervisor on scene; area secured.~~NL~~- +01:30 impact assessed and affected shipments identified.~~NL~~~~NL~~ROOT CAUSE~~NL~~Braking distance was insufficient for road conditions; the approach hadn't been treated for ice.~~NL~~~~NL~~REMEDIATION~~NL~~Every bin label in the affected zone re-verified against the WMS; two more mismatches found and corrected."
IR-7014,INC-2025-00171,M. Vieira (Safety),2025-06-13T10:58:00,1,,"INCIDENT REPORT INC-2025-00171 — ACCIDENT (severity 1)~~NL~~Hub: HUB-CHI (Chicago). Filed by M. Vieira (Safety) on 2025-06-13.~~NL~~~~NL~~SUMMARY~~NL~~Accident event (severity 1) at Chicago. Linked entities: route RTE-CHI-20250612-001, vehicle VEH-0005.~~NL~~~~NL~~TIMELINE~~NL~~- 2025-06-12 10:58 event reported.~~NL~~- +00:20 supervisor on scene; area secured.~~NL~~- +01:30 impact assessed and affected shipments identified.~~NL~~~~NL~~ROOT CAUSE~~NL~~A patch of black ice on an untreated ramp caught the driver off guard; following distance made it worse.~~NL~~~~NL~~REMEDIATION~~NL~~Dispatch now holds this route when conditions cross the same threshold that was missed here."
IR-7015,INC-2025-00180,M. Vieira (Safety),2025-07-27T20:23:00,2,,"INCIDENT REPORT INC-2025-00180 — ACCIDENT (severity 2)~~NL~~Hub: HUB-CHI (Chicago). Filed by M. Vieira (Safety) on 2025-07-27.~~NL~~~~NL~~SUMMARY~~NL~~Accident event (severity 2) at Chicago. Linked entities: route RTE-CHI-20250724-001, driver DRV-01020, vehicle VEH-0040.~~NL~~~~NL~~TIMELINE~~NL~~- 2025-07-24 20:23 event reported.~~NL~~- +00:20 supervisor on scene; area secured.~~NL~~- +01:30 impact assessed and affected shipments identified.~~NL~~~~NL~~ROOT CAUSE~~NL~~Loss of traction on an unsalted approach; contributing factor was reduced following distance.~~NL~~~~NL~~REMEDIATION~~NL~~Scan-to-confirm made mandatory at pick for this hub; manual label overrides disabled."
IR-7018,INC-2025-00248,L. Okonkwo (Safety),2025-01-06T18:56:00,1,,"INCIDENT REPORT INC-2025-00248 — ACCIDENT (severity 1)~~NL~~Hub: HUB-IND (Indianapolis). Filed by L. Okonkwo (Safety) on 2025-01-06.~~NL~~~~NL~~SUMMARY~~NL~~Accident event (severity 1) at Indianapolis. Linked entities: route RTE-IND-20250103-002, driver DRV-01042, vehicle VEH-0017.~~NL~~~~NL~~TIMELINE~~NL~~- 2025-01-03 18:56 event reported.~~NL~~- +00:20 supervisor on scene; area secured.~~NL~~- +01:30 impact assessed and affected shipments identified.~~NL~~~~NL~~ROOT CAUSE~~NL~~Driver misjudged stopping distance on a wet grade; the approach hadn't been salted yet.~~NL~~~~NL~~REMEDIATION~~NL~~Bin labeling audit initiated across the hub."
IR-7019,INC-2025-00250,M. Vieira (Safety),2025-08-16T16:14:00,3,,INCIDENT REPORT INC-2025-00250 — ACCIDENT (severity 3)~~NL~~Hub: HUB-CMH (Columbus). Filed by M. Vieira (Safety) on 2025-08-16.~~NL~~~~NL~~SUMMARY~~NL~~Accident event (severity 3) at Columbus. Linked entities: vehicle VEH-0007.~~NL~~~~NL~~TIMELINE~~NL~~- 2025-08-13 16:14 event reported.~~NL~~- +00:20 supervisor on scene; area secured.~~NL~~- +01:30 impact assessed and affected shipments identified.~~NL~~~~NL~~ROOT CAUSE~~NL~~Icy on-ramp combined with following too closely; standard winter-approach protocol wasn't followed.~~NL~~~~NL~~REMEDIATION~~NL~~Retraining scheduled; process checklist updated.
IR-7022,INC-2025-00003,Frank Deluca,2025-02-21T09:21:00,4,SHP-202508-000115,INCIDENT REPORT INC-2025-00003 — DAMAGE (severity 4)~~NL~~Hub: HUB-IND (Indianapolis). Filed by Frank Deluca on 2025-02-21.~~NL~~~~NL~~SUMMARY~~NL~~Damage event (severity 4) at Indianapolis. Linked entities: no linked entities.~~NL~~~~NL~~TIMELINE~~NL~~- 2025-02-19 09:21 event reported.~~NL~~- +00:20 supervisor on scene; area secured.~~NL~~- +01:30 impact assessed and affected shipments identified.~~NL~~~~NL~~ROOT CAUSE~~NL~~Improper load securement allowed shifting in transit.~~NL~~~~NL~~REMEDIATION~~NL~~Loading crew walked back through the securement checklist; a load-check step added before departure.
IR-7023,INC-2025-00178,Frank Deluca,2025-02-13T11:18:00,3,,"INCIDENT REPORT INC-2025-00178 — DAMAGE (severity 3)~~NL~~Hub: HUB-IND (Indianapolis). Filed by Frank Deluca on 2025-02-13.~~NL~~~~NL~~SUMMARY~~NL~~Damage event (severity 3) at Indianapolis. Linked entities: route RTE-IND-20250210-001.~~NL~~~~NL~~TIMELINE~~NL~~- 2025-02-10 11:18 event reported.~~NL~~- +00:20 supervisor on scene; area secured.~~NL~~- +01:30 impact assessed and affected shipments identified.~~NL~~~~NL~~ROOT CAUSE~~NL~~Straps weren't re-tensioned after the first stop, letting the load shift on the next turn.~~NL~~~~NL~~REMEDIATION~~NL~~Added a manual weather check to the dispatch board for this hub before morning departures."
IR-7024,INC-2025-00139,Frank Deluca,2025-01-12T14:32:00,3,SHP-202509-000289,"INCIDENT REPORT INC-2025-00139 — MISPICK (severity 3)~~NL~~Hub: HUB-IND (Indianapolis). Filed by Frank Deluca on 2025-01-12.~~NL~~~~NL~~SUMMARY~~NL~~Mispick event (severity 3) at Indianapolis. Linked entities: route RTE-IND-20250109-002, vehicle VEH-0010.~~NL~~~~NL~~TIMELINE~~NL~~- 2025-01-09 14:32 event reported.~~NL~~- +00:20 supervisor on scene; area secured.~~NL~~- +01:30 impact assessed and affected shipments identified.~~NL~~~~NL~~ROOT CAUSE~~NL~~Item pulled from a mislabeled bin during a high-volume pick wave.~~NL~~~~NL~~REMEDIATION~~NL~~Every bin label in the affected zone re-verified against the WMS; two more mismatches found and corrected."
IR-7025,INC-2025-00052,Gordon Reyes,2025-05-23T09:30:00,3,SHP-202505-000068,"INCIDENT REPORT INC-2025-00052 — DELAY (severity 3)~~NL~~Hub: HUB-CMH (Columbus). Filed by Gordon Reyes on 2025-05-23.~~NL~~~~NL~~SUMMARY~~NL~~Delay event (severity 3) at Columbus. Linked entities: route RTE-CMH-20250519-003, driver DRV-01049, vehicle VEH-0003.~~NL~~~~NL~~TIMELINE~~NL~~- 2025-05-19 09:30 event reported.~~NL~~- +00:20 supervisor on scene; area secured.~~NL~~- +01:30 impact assessed and affected shipments identified.~~NL~~~~NL~~ROOT CAUSE~~NL~~Cascading ETA slippage from an upstream hub exception.~~NL~~~~NL~~REMEDIATION~~NL~~Scan-to-confirm made mandatory at pick for this hub; manual label overrides disabled."
IR-7026,INC-2025-00110,Frank Deluca,2025-11-10T10:35:00,4,SHP-202505-000085,"INCIDENT REPORT INC-2025-00110 — MISPICK (severity 4)~~NL~~Hub: HUB-CMH (Columbus). Filed by Frank Deluca on 2025-11-10.~~NL~~~~NL~~SUMMARY~~NL~~Mispick event (severity 4) at Columbus. Linked entities: route RTE-CMH-20251109-002, driver DRV-01018.~~NL~~~~NL~~TIMELINE~~NL~~- 2025-11-09 10:35 event reported.~~NL~~- +00:20 supervisor on scene; area secured.~~NL~~- +01:30 impact assessed and affected shipments identified.~~NL~~~~NL~~ROOT CAUSE~~NL~~A relabel during reslotting didn't match the WMS location, so pickers pulled the wrong SKU.~~NL~~~~NL~~REMEDIATION~~NL~~Dispatch threshold adjusted for the affected conditions."
IR-7027,INC-2025-00117,Yolanda Pierce,2025-05-03T12:12:00,3,,"INCIDENT REPORT INC-2025-00117 — DELAY (severity 3)~~NL~~Hub: HUB-CIN (Cincinnati). Filed by Yolanda Pierce on 2025-05-03.~~NL~~~~NL~~SUMMARY~~NL~~Delay event (severity 3) at Cincinnati. Linked entities: route RTE-CIN-20250502-001, driver DRV-01008, vehicle VEH-0036.~~NL~~~~NL~~TIMELINE~~NL~~- 2025-05-02 12:12 event reported.~~NL~~- +00:20 supervisor on scene; area secured.~~NL~~- +01:30 impact assessed and affected shipments identified.~~NL~~~~NL~~ROOT CAUSE~~NL~~A delay at the previous hub pushed this leg past its dispatch window, and the next truck had already left.~~NL~~~~NL~~REMEDIATION~~NL~~Vehicle pulled for inspection; see linked work order."
IR-7029,INC-2025-00217,Frank Deluca,2025-11-24T19:47:00,3,SHP-202505-000042,"INCIDENT REPORT INC-2025-00217 — MISPICK (severity 3)~~NL~~Hub: HUB-CHI (Chicago). Filed by Frank Deluca on 2025-11-24.~~NL~~~~NL~~SUMMARY~~NL~~Mispick event (severity 3) at Chicago. Linked entities: route RTE-CHI-20251121-004, driver DRV-01035, vehicle VEH-0037.~~NL~~~~NL~~TIMELINE~~NL~~- 2025-11-21 19:47 event reported.~~NL~~- +00:20 supervisor on scene; area secured.~~NL~~- +01:30 impact assessed and affected shipments identified.~~NL~~~~NL~~ROOT CAUSE~~NL~~Two adjacent bins were confused during a rush pick; the scan-to-confirm step was skipped.~~NL~~~~NL~~REMEDIATION~~NL~~Refresher training booked for the shift; checklist now requires a supervisor sign-off."
IR-7030,INC-2025-00081,Gordon Reyes,2025-03-20T20:11:00,3,SHP-202508-000078,"INCIDENT REPORT INC-2025-00081 — DELAY (severity 3)~~NL~~Hub: HUB-CHI (Chicago). Filed by Gordon Reyes on 2025-03-20.~~NL~~~~NL~~SUMMARY~~NL~~Delay event (severity 3) at Chicago. Linked entities: route RTE-CHI-20250317-001, driver DRV-01012.~~NL~~~~NL~~TIMELINE~~NL~~- 2025-03-17 20:11 event reported.~~NL~~- +00:20 supervisor on scene; area secured.~~NL~~- +01:30 impact assessed and affected shipments identified.~~NL~~~~NL~~ROOT CAUSE~~NL~~An upstream exception ate the buffer this leg needed; there was no next available departure until the next day.~~NL~~~~NL~~REMEDIATION~~NL~~Bin labeling audit initiated across the hub."
IR-7031,INC-2025-00196,Yolanda Pierce,2025-08-31T18:55:00,4,SHP-202510-000284,"INCIDENT REPORT INC-2025-00196 — DAMAGE (severity 4)~~NL~~Hub: HUB-CMH (Columbus). Filed by Yolanda Pierce on 2025-08-31.~~NL~~~~NL~~SUMMARY~~NL~~Damage event (severity 4) at Columbus. Linked entities: route RTE-CMH-20250828-001, driver DRV-01015.~~NL~~~~NL~~TIMELINE~~NL~~- 2025-08-28 18:55 event reported.~~NL~~- +00:20 supervisor on scene; area secured.~~NL~~- +01:30 impact assessed and affected shipments identified.~~NL~~~~NL~~ROOT CAUSE~~NL~~Load was secured for the manifest weight but not for the actual pallet mix, so it shifted en route.~~NL~~~~NL~~REMEDIATION~~NL~~Retraining scheduled; process checklist updated."
IR-7033,INC-2025-00109,Alicia Munro,2025-01-19T17:55:00,4,,INCIDENT REPORT INC-2025-00109 — DISPUTE (severity 4)~~NL~~Hub: HUB-CMH (Columbus). Filed by Alicia Munro on 2025-01-19.~~NL~~~~NL~~SUMMARY~~NL~~Dispute event (severity 4) at Columbus. Linked entities: no linked entities.~~NL~~~~NL~~TIMELINE~~NL~~- 2025-01-18 17:55 event reported.~~NL~~- +00:20 supervisor on scene; area secured.~~NL~~- +01:30 impact assessed and affected shipments identified.~~NL~~~~NL~~ROOT CAUSE~~NL~~Conflicting POD records between the driver app and the consignee.~~NL~~~~NL~~REMEDIATION~~NL~~Every bin label in the affected zone re-verified against the WMS; two more mismatches found and corrected.
IR-7034,INC-2025-00060,Yolanda Pierce,2025-06-27T12:08:00,3,,"INCIDENT REPORT INC-2025-00060 — WEATHER (severity 3)~~NL~~Hub: HUB-CHI (Chicago). Filed by Yolanda Pierce on 2025-06-27.~~NL~~~~NL~~SUMMARY~~NL~~Weather event (severity 3) at Chicago. Linked entities: route RTE-CHI-20250626-001, vehicle VEH-0005.~~NL~~~~NL~~TIMELINE~~NL~~- 2025-06-26 12:08 event reported.~~NL~~- +00:20 supervisor on scene; area secured.~~NL~~- +01:30 impact assessed and affected shipments identified.~~NL~~~~NL~~ROOT CAUSE~~NL~~Severe weather at the hub exceeded the safe-dispatch threshold.~~NL~~~~NL~~REMEDIATION~~NL~~Dispatch now holds this route when conditions cross the same threshold that was missed here."
IR-9001,INC-2025-00417,L. Okonkwo (Safety),2025-01-16T14:00:00,3,SHP-202501-900001,"INCIDENT REPORT INC-2025-00417 — ACCIDENT (severity 3)~~NL~~Hub: HUB-CHI (Chicago). Vehicle VEH-0015, driver DRV-01017, route RTE-CHI-20250115-201.~~NL~~~~NL~~SUMMARY~~NL~~During the Jan 14-16 winter storm, a semi jackknifed on an icy on-ramp departing the Chicago hub. No injuries. Trailer load secured and recovered; the affected shipment is recorded on this report.~~NL~~~~NL~~TIMELINE~~NL~~- 2025-01-15 08:40 loss of traction on ramp incline; unit jackknifed.~~NL~~- 08:52 driver reported in; area coned, no secondary collision.~~NL~~- 10:20 recovery unit on scene; trailer offloaded to a spare.~~NL~~~~NL~~ROOT CAUSE~~NL~~Unsalted ramp and reduced traction during active snowfall exceeded safe dispatch conditions. Contributing factor: aggressive storm-recovery scheduling.~~NL~~~~NL~~REMEDIATION~~NL~~Unit pulled for inspection (see linked work order). Dispatch hold instituted for CHI when ramp conditions fall below threshold. Reviewed with dispatch."
IR-9002,INC-2025-02233,Alicia Munro,2025-05-19T13:00:00,3,SHP-202505-950001,"POSTMORTEM INC-2025-02233 — MISPICK (severity 3)~~NL~~Hub: HUB-IND (Indianapolis). Author: Alicia Munro (ops lead).~~NL~~~~NL~~SUMMARY~~NL~~A cluster of wrong-delivery complaints the week of May 12 was traced to a single root cause. A representative affected order is linked on this report; the full set was intercepted and corrected.~~NL~~~~NL~~TIMELINE~~NL~~- 05/12 first wrong-delivery ticket received.~~NL~~- 05/13 pattern recognized across clients; incident opened.~~NL~~- 05/14-16 remaining mis-picks intercepted and corrected.~~NL~~~~NL~~ROOT CAUSE~~NL~~A pick bin was relabeled during a reslot but the label did not match the WMS location. High-volume pickers pulled from the mislabeled bin, sending the wrong SKUs to multiple clients.~~NL~~~~NL~~PROCESS CHANGE~~NL~~Mandatory scan-to-confirm bin ID at pick; no manual label overrides; a weekly bin-label audit. Rolled out to all IND pickers via training (see HR training records referencing INC-2025-02233)."
IR-9003,INC-2025-00095,J. Alvarez (Ops),2025-10-11T09:00:00,3,SHP-202505-000124,"INCIDENT REPORT INC-2025-00095 — DAMAGE (severity 3)~~NL~~Hub: HUB-CMH (Columbus). Vehicle VEH-0021, driver DRV-01009, route RTE-CMH-20251010-004.~~NL~~~~NL~~SUMMARY~~NL~~Freight damage discovered during unloading at the Columbus hub. This is the third handling-related incident at HUB-CMH in 2025, following a damage event in June (INC-2025-00136) and a mispick eight days later (INC-2025-00241).~~NL~~~~NL~~ROOT CAUSE~~NL~~The pattern points to a dock-staging issue rather than three isolated events: all three incidents trace to bay 3 forklift staging. Equipment inspection requested; prior incidents were closed without a common-cause review.~~NL~~~~NL~~REMEDIATION~~NL~~Bay 3 staging cordoned pending equipment inspection. Hub supervisor to audit loading procedures against SOP. Findings to be shared with affected accounts, including Jaffle Equipment (CLI-0042)."
IR-7035,INC-2023-00037,L. Okonkwo (Safety),2023-01-21T17:49:04,1,,"INCIDENT REPORT INC-2023-00037 — ACCIDENT (severity 1)~~NL~~Hub: HUB-DET (Detroit). Filed by L. Okonkwo (Safety) on 2023-01-21.~~NL~~~~NL~~SUMMARY~~NL~~Accident event (severity 1) at Detroit. Linked entities: route RTE-DET-20230117-001, driver DRV-01021, vehicle VEH-0024.~~NL~~~~NL~~TIMELINE~~NL~~- 2023-01-17 17:49 event reported.~~NL~~- +00:20 supervisor on scene; area secured.~~NL~~- +01:30 impact assessed and affected shipments identified.~~NL~~~~NL~~ROOT CAUSE~~NL~~Driver misjudged stopping distance on a wet grade; the approach hadn't been salted yet.~~NL~~~~NL~~REMEDIATION~~NL~~Vehicle held for inspection; findings folded into the fleet's quarterly maintenance review."
IR-7036,INC-2023-00092,L. Okonkwo (Safety),2023-02-01T12:30:12,4,SHP-202301-000100,"INCIDENT REPORT INC-2023-00092 — MISPICK (severity 4)~~NL~~Hub: HUB-CIN (Cincinnati). Filed by L. Okonkwo (Safety) on 2023-02-01.~~NL~~~~NL~~SUMMARY~~NL~~Mispick event (severity 4) at Cincinnati. Linked entities: no linked entities.~~NL~~~~NL~~TIMELINE~~NL~~- 2023-01-26 12:30 event reported.~~NL~~- +00:20 supervisor on scene; area secured.~~NL~~- +01:30 impact assessed and affected shipments identified.~~NL~~~~NL~~ROOT CAUSE~~NL~~A relabel during reslotting didn't match the WMS location, so pickers pulled the wrong SKU.~~NL~~~~NL~~REMEDIATION~~NL~~Scan-to-confirm made mandatory at pick for this hub; manual label overrides disabled."
IR-7037,INC-2023-00026,P. Grantham (Safety),2023-02-13T11:54:38,2,,"INCIDENT REPORT INC-2023-00026 — ACCIDENT (severity 2)~~NL~~Hub: HUB-CIN (Cincinnati). Filed by P. Grantham (Safety) on 2023-02-13.~~NL~~~~NL~~SUMMARY~~NL~~Accident event (severity 2) at Cincinnati. Linked entities: route RTE-CIN-20230208-003, driver DRV-01041, vehicle VEH-0027.~~NL~~~~NL~~TIMELINE~~NL~~- 2023-02-08 11:54 event reported.~~NL~~- +00:20 supervisor on scene; area secured.~~NL~~- +01:30 impact assessed and affected shipments identified.~~NL~~~~NL~~ROOT CAUSE~~NL~~Icy on-ramp combined with following too closely; standard winter-approach protocol wasn't followed.~~NL~~~~NL~~REMEDIATION~~NL~~Vehicle pulled for inspection; see linked work order."
IR-7038,INC-2023-00085,M. Vieira (Safety),2023-03-20T15:31:11,2,SHP-202303-000095,"INCIDENT REPORT INC-2023-00085 — ACCIDENT (severity 2)~~NL~~Hub: HUB-CHI (Chicago). Filed by M. Vieira (Safety) on 2023-03-20.~~NL~~~~NL~~SUMMARY~~NL~~Accident event (severity 2) at Chicago. Linked entities: route RTE-CHI-20230314-001, driver DRV-01017, vehicle VEH-0006.~~NL~~~~NL~~TIMELINE~~NL~~- 2023-03-14 15:31 event reported.~~NL~~- +00:20 supervisor on scene; area secured.~~NL~~- +01:30 impact assessed and affected shipments identified.~~NL~~~~NL~~ROOT CAUSE~~NL~~A patch of black ice on an untreated ramp caught the driver off guard; following distance made it worse.~~NL~~~~NL~~REMEDIATION~~NL~~Vehicle held for inspection; findings folded into the fleet's quarterly maintenance review."
IR-7039,INC-2023-00081,Gordon Reyes,2023-04-17T14:42:52,1,SHP-202304-000013,"INCIDENT REPORT INC-2023-00081 — ACCIDENT (severity 1)~~NL~~Hub: HUB-DET (Detroit). Filed by Gordon Reyes on 2023-04-17.~~NL~~~~NL~~SUMMARY~~NL~~Accident event (severity 1) at Detroit. Linked entities: route RTE-DET-20230414-007, driver DRV-01022, vehicle VEH-0024.~~NL~~~~NL~~TIMELINE~~NL~~- 2023-04-14 14:42 event reported.~~NL~~- +00:20 supervisor on scene; area secured.~~NL~~- +01:30 impact assessed and affected shipments identified.~~NL~~~~NL~~ROOT CAUSE~~NL~~Driver misjudged stopping distance on a wet grade; the approach hadn't been salted yet.~~NL~~~~NL~~REMEDIATION~~NL~~Refresher training booked for the shift; checklist now requires a supervisor sign-off."
IR-7040,INC-2023-00091,Yolanda Pierce,2023-04-22T16:11:08,3,,"INCIDENT REPORT INC-2023-00091 — DELAY (severity 3)~~NL~~Hub: HUB-DET (Detroit). Filed by Yolanda Pierce on 2023-04-22.~~NL~~~~NL~~SUMMARY~~NL~~Delay event (severity 3) at Detroit. Linked entities: route RTE-DET-20230417-002, driver DRV-01046, vehicle VEH-0024.~~NL~~~~NL~~TIMELINE~~NL~~- 2023-04-17 16:11 event reported.~~NL~~- +00:20 supervisor on scene; area secured.~~NL~~- +01:30 impact assessed and affected shipments identified.~~NL~~~~NL~~ROOT CAUSE~~NL~~An upstream exception ate the buffer this leg needed; there was no next available departure until the next day.~~NL~~~~NL~~REMEDIATION~~NL~~Dispatch threshold adjusted for the affected conditions."
IR-7041,INC-2023-00045,P. Grantham (Safety),2023-05-05T20:46:30,3,SHP-202305-000137,"INCIDENT REPORT INC-2023-00045 — DISPUTE (severity 3)~~NL~~Hub: HUB-CMH (Columbus). Filed by P. Grantham (Safety) on 2023-05-05.~~NL~~~~NL~~SUMMARY~~NL~~Dispute event (severity 3) at Columbus. Linked entities: route RTE-CMH-20230501-001, driver DRV-01040, vehicle VEH-0003.~~NL~~~~NL~~TIMELINE~~NL~~- 2023-05-01 20:46 event reported.~~NL~~- +00:20 supervisor on scene; area secured.~~NL~~- +01:30 impact assessed and affected shipments identified.~~NL~~~~NL~~ROOT CAUSE~~NL~~Conflicting POD records between the driver app and the consignee.~~NL~~~~NL~~REMEDIATION~~NL~~Signed POD now required at handover for this account; the discrepancy was closed out the same week."
IR-7042,INC-2023-00065,Alicia Munro,2023-05-11T07:31:18,3,,"INCIDENT REPORT INC-2023-00065 — DELAY (severity 3)~~NL~~Hub: HUB-CIN (Cincinnati). Filed by Alicia Munro on 2023-05-11.~~NL~~~~NL~~SUMMARY~~NL~~Delay event (severity 3) at Cincinnati. Linked entities: route RTE-CIN-20230508-002, driver DRV-01027, vehicle VEH-0036.~~NL~~~~NL~~TIMELINE~~NL~~- 2023-05-08 07:31 event reported.~~NL~~- +00:20 supervisor on scene; area secured.~~NL~~- +01:30 impact assessed and affected shipments identified.~~NL~~~~NL~~ROOT CAUSE~~NL~~An upstream exception ate the buffer this leg needed; there was no next available departure until the next day.~~NL~~~~NL~~REMEDIATION~~NL~~Dispatch now holds this route when conditions cross the same threshold that was missed here."
IR-7043,INC-2023-00014,Frank Deluca,2023-07-15T08:53:09,2,,INCIDENT REPORT INC-2023-00014 — DAMAGE (severity 2)~~NL~~Hub: HUB-CMH (Columbus). Filed by Frank Deluca on 2023-07-15.~~NL~~~~NL~~SUMMARY~~NL~~Damage event (severity 2) at Columbus. Linked entities: no linked entities.~~NL~~~~NL~~TIMELINE~~NL~~- 2023-07-11 08:53 event reported.~~NL~~- +00:20 supervisor on scene; area secured.~~NL~~- +01:30 impact assessed and affected shipments identified.~~NL~~~~NL~~ROOT CAUSE~~NL~~Improper load securement allowed shifting in transit.~~NL~~~~NL~~REMEDIATION~~NL~~Retraining scheduled; process checklist updated.
IR-7044,INC-2023-00071,Gordon Reyes,2023-08-08T10:37:21,4,SHP-202308-000114,"INCIDENT REPORT INC-2023-00071 — ACCIDENT (severity 4)~~NL~~Hub: HUB-CMH (Columbus). Filed by Gordon Reyes on 2023-08-08.~~NL~~~~NL~~SUMMARY~~NL~~Accident event (severity 4) at Columbus. Linked entities: route RTE-CMH-20230807-002, driver DRV-01013, vehicle VEH-0007.~~NL~~~~NL~~TIMELINE~~NL~~- 2023-08-07 10:37 event reported.~~NL~~- +00:20 supervisor on scene; area secured.~~NL~~- +01:30 impact assessed and affected shipments identified.~~NL~~~~NL~~ROOT CAUSE~~NL~~Driver misjudged stopping distance on a wet grade; the approach hadn't been salted yet.~~NL~~~~NL~~REMEDIATION~~NL~~Vehicle held for inspection; findings folded into the fleet's quarterly maintenance review."
IR-7045,INC-2023-00099,Alicia Munro,2023-09-02T20:32:04,2,SHP-202308-000031,"INCIDENT REPORT INC-2023-00099 — DAMAGE (severity 2)~~NL~~Hub: HUB-DET (Detroit). Filed by Alicia Munro on 2023-09-02.~~NL~~~~NL~~SUMMARY~~NL~~Damage event (severity 2) at Detroit. Linked entities: route RTE-DET-20230829-003, driver DRV-01037, vehicle VEH-0022.~~NL~~~~NL~~TIMELINE~~NL~~- 2023-08-29 20:32 event reported.~~NL~~- +00:20 supervisor on scene; area secured.~~NL~~- +01:30 impact assessed and affected shipments identified.~~NL~~~~NL~~ROOT CAUSE~~NL~~Improper load securement allowed shifting in transit.~~NL~~~~NL~~REMEDIATION~~NL~~Retraining scheduled; process checklist updated."
IR-7046,INC-2023-00015,J. Alvarez (Ops),2023-09-27T17:52:53,2,SHP-202309-000125,"INCIDENT REPORT INC-2023-00015 — DAMAGE (severity 2)~~NL~~Hub: HUB-CIN (Cincinnati). Filed by J. Alvarez (Ops) on 2023-09-27.~~NL~~~~NL~~SUMMARY~~NL~~Damage event (severity 2) at Cincinnati. Linked entities: route RTE-CIN-20230921-003, driver DRV-01002, vehicle VEH-0026.~~NL~~~~NL~~TIMELINE~~NL~~- 2023-09-21 17:52 event reported.~~NL~~- +00:20 supervisor on scene; area secured.~~NL~~- +01:30 impact assessed and affected shipments identified.~~NL~~~~NL~~ROOT CAUSE~~NL~~Improper load securement allowed shifting in transit.~~NL~~~~NL~~REMEDIATION~~NL~~Loading crew walked back through the securement checklist; a load-check step added before departure."
IR-7047,INC-2023-00066,Alicia Munro,2023-09-30T09:27:26,2,,"INCIDENT REPORT INC-2023-00066 — DISPUTE (severity 2)~~NL~~Hub: HUB-CIN (Cincinnati). Filed by Alicia Munro on 2023-09-30.~~NL~~~~NL~~SUMMARY~~NL~~Dispute event (severity 2) at Cincinnati. Linked entities: route RTE-CIN-20230928-001, driver DRV-01041, vehicle VEH-0032.~~NL~~~~NL~~TIMELINE~~NL~~- 2023-09-28 09:27 event reported.~~NL~~- +00:20 supervisor on scene; area secured.~~NL~~- +01:30 impact assessed and affected shipments identified.~~NL~~~~NL~~ROOT CAUSE~~NL~~Conflicting POD records between the driver app and the consignee.~~NL~~~~NL~~REMEDIATION~~NL~~POD records reconciled between the driver app and the consignee; documentation steps reviewed with the crew."
IR-7048,INC-2023-00029,P. Grantham (Safety),2023-10-23T17:11:56,1,,"INCIDENT REPORT INC-2023-00029 — ACCIDENT (severity 1)~~NL~~Hub: HUB-IND (Indianapolis). Filed by P. Grantham (Safety) on 2023-10-23.~~NL~~~~NL~~SUMMARY~~NL~~Accident event (severity 1) at Indianapolis. Linked entities: route RTE-IND-20231017-001, driver DRV-01032, vehicle VEH-0043.~~NL~~~~NL~~TIMELINE~~NL~~- 2023-10-17 17:11 event reported.~~NL~~- +00:20 supervisor on scene; area secured.~~NL~~- +01:30 impact assessed and affected shipments identified.~~NL~~~~NL~~ROOT CAUSE~~NL~~Loss of traction on an unsalted approach; contributing factor was reduced following distance.~~NL~~~~NL~~REMEDIATION~~NL~~Vehicle pulled for inspection; see linked work order."
IR-7049,INC-2023-00063,P. Grantham (Safety),2023-12-05T15:37:26,2,SHP-202311-000036,"INCIDENT REPORT INC-2023-00063 — DISPUTE (severity 2)~~NL~~Hub: HUB-CHI (Chicago). Filed by P. Grantham (Safety) on 2023-12-05.~~NL~~~~NL~~SUMMARY~~NL~~Dispute event (severity 2) at Chicago. Linked entities: route RTE-CHI-20231130-001, driver DRV-01012, vehicle VEH-0004.~~NL~~~~NL~~TIMELINE~~NL~~- 2023-11-30 15:37 event reported.~~NL~~- +00:20 supervisor on scene; area secured.~~NL~~- +01:30 impact assessed and affected shipments identified.~~NL~~~~NL~~ROOT CAUSE~~NL~~Conflicting POD records between the driver app and the consignee.~~NL~~~~NL~~REMEDIATION~~NL~~POD records reconciled between the driver app and the consignee; documentation steps reviewed with the crew."
IR-7050,INC-2023-00061,L. Okonkwo (Safety),2023-12-17T11:25:46,2,,"INCIDENT REPORT INC-2023-00061 — DAMAGE (severity 2)~~NL~~Hub: HUB-CMH (Columbus). Filed by L. Okonkwo (Safety) on 2023-12-17.~~NL~~~~NL~~SUMMARY~~NL~~Damage event (severity 2) at Columbus. Linked entities: route RTE-CMH-20231214-002, driver DRV-01013, vehicle VEH-0038.~~NL~~~~NL~~TIMELINE~~NL~~- 2023-12-13 11:25 event reported.~~NL~~- +00:20 supervisor on scene; area secured.~~NL~~- +01:30 impact assessed and affected shipments identified.~~NL~~~~NL~~ROOT CAUSE~~NL~~Load was secured for the manifest weight but not for the actual pallet mix, so it shifted en route.~~NL~~~~NL~~REMEDIATION~~NL~~Loading crew walked back through the securement checklist; a load-check step added before departure."
IR-7051,INC-2024-00024,P. Grantham (Safety),2024-01-23T15:30:45,4,,"INCIDENT REPORT INC-2024-00024 — DELAY (severity 4)~~NL~~Hub: HUB-CIN (Cincinnati). Filed by P. Grantham (Safety) on 2024-01-23.~~NL~~~~NL~~SUMMARY~~NL~~Delay event (severity 4) at Cincinnati. Linked entities: route RTE-CIN-20240117-001, driver DRV-01034, vehicle VEH-0036.~~NL~~~~NL~~TIMELINE~~NL~~- 2024-01-17 15:30 event reported.~~NL~~- +00:20 supervisor on scene; area secured.~~NL~~- +01:30 impact assessed and affected shipments identified.~~NL~~~~NL~~ROOT CAUSE~~NL~~An upstream exception ate the buffer this leg needed; there was no next available departure until the next day.~~NL~~~~NL~~REMEDIATION~~NL~~Added a manual weather check to the dispatch board for this hub before morning departures."
IR-7052,INC-2024-00072,T. Nakamura (Safety),2024-01-29T20:18:10,2,,"INCIDENT REPORT INC-2024-00072 — ACCIDENT (severity 2)~~NL~~Hub: HUB-CHI (Chicago). Filed by T. Nakamura (Safety) on 2024-01-29.~~NL~~~~NL~~SUMMARY~~NL~~Accident event (severity 2) at Chicago. Linked entities: route RTE-CHI-20240125-002, driver DRV-01048, vehicle VEH-0019.~~NL~~~~NL~~TIMELINE~~NL~~- 2024-01-25 20:18 event reported.~~NL~~- +00:20 supervisor on scene; area secured.~~NL~~- +01:30 impact assessed and affected shipments identified.~~NL~~~~NL~~ROOT CAUSE~~NL~~Loss of traction on an unsalted approach; contributing factor was reduced following distance.~~NL~~~~NL~~REMEDIATION~~NL~~Vehicle pulled for inspection; see linked work order."
IR-7053,INC-2024-00027,Yolanda Pierce,2024-02-18T16:13:35,3,SHP-202402-000035,"INCIDENT REPORT INC-2024-00027 — WEATHER (severity 3)~~NL~~Hub: HUB-CIN (Cincinnati). Filed by Yolanda Pierce on 2024-02-18.~~NL~~~~NL~~SUMMARY~~NL~~Weather event (severity 3) at Cincinnati. Linked entities: route RTE-CIN-20240216-002, driver DRV-01003, vehicle VEH-0020.~~NL~~~~NL~~TIMELINE~~NL~~- 2024-02-15 16:13 event reported.~~NL~~- +00:20 supervisor on scene; area secured.~~NL~~- +01:30 impact assessed and affected shipments identified.~~NL~~~~NL~~ROOT CAUSE~~NL~~Severe weather at the hub exceeded the safe-dispatch threshold.~~NL~~~~NL~~REMEDIATION~~NL~~Dispatch now holds this route when conditions cross the same threshold that was missed here."
IR-7054,INC-2024-00041,M. Vieira (Safety),2024-04-12T18:39:16,4,SHP-202404-000135,INCIDENT REPORT INC-2024-00041 — DELAY (severity 4)~~NL~~Hub: HUB-DET (Detroit). Filed by M. Vieira (Safety) on 2024-04-12.~~NL~~~~NL~~SUMMARY~~NL~~Delay event (severity 4) at Detroit. Linked entities: no linked entities.~~NL~~~~NL~~TIMELINE~~NL~~- 2024-04-08 18:39 event reported.~~NL~~- +00:20 supervisor on scene; area secured.~~NL~~- +01:30 impact assessed and affected shipments identified.~~NL~~~~NL~~ROOT CAUSE~~NL~~An upstream exception ate the buffer this leg needed; there was no next available departure until the next day.~~NL~~~~NL~~REMEDIATION~~NL~~Dispatch now holds this route when conditions cross the same threshold that was missed here.
IR-7055,INC-2024-00105,T. Nakamura (Safety),2024-04-12T11:52:05,2,,"INCIDENT REPORT INC-2024-00105 — ACCIDENT (severity 2)~~NL~~Hub: HUB-IND (Indianapolis). Filed by T. Nakamura (Safety) on 2024-04-12.~~NL~~~~NL~~SUMMARY~~NL~~Accident event (severity 2) at Indianapolis. Linked entities: route RTE-IND-20240410-001, driver DRV-01031, vehicle VEH-0017.~~NL~~~~NL~~TIMELINE~~NL~~- 2024-04-10 11:52 event reported.~~NL~~- +00:20 supervisor on scene; area secured.~~NL~~- +01:30 impact assessed and affected shipments identified.~~NL~~~~NL~~ROOT CAUSE~~NL~~Loss of traction on an unsalted approach; contributing factor was reduced following distance.~~NL~~~~NL~~REMEDIATION~~NL~~Vehicle pulled for inspection; see linked work order."
IR-7056,INC-2024-00043,M. Vieira (Safety),2024-06-08T07:59:28,4,,"INCIDENT REPORT INC-2024-00043 — DELAY (severity 4)~~NL~~Hub: HUB-CIN (Cincinnati). Filed by M. Vieira (Safety) on 2024-06-08.~~NL~~~~NL~~SUMMARY~~NL~~Delay event (severity 4) at Cincinnati. Linked entities: route RTE-CIN-20240604-005, driver DRV-01027, vehicle VEH-0027.~~NL~~~~NL~~TIMELINE~~NL~~- 2024-06-04 07:59 event reported.~~NL~~- +00:20 supervisor on scene; area secured.~~NL~~- +01:30 impact assessed and affected shipments identified.~~NL~~~~NL~~ROOT CAUSE~~NL~~An upstream exception ate the buffer this leg needed; there was no next available departure until the next day.~~NL~~~~NL~~REMEDIATION~~NL~~Added a manual weather check to the dispatch board for this hub before morning departures."
IR-7057,INC-2024-00098,Yolanda Pierce,2024-06-18T12:56:13,3,,"INCIDENT REPORT INC-2024-00098 — WEATHER (severity 3)~~NL~~Hub: HUB-CHI (Chicago). Filed by Yolanda Pierce on 2024-06-18.~~NL~~~~NL~~SUMMARY~~NL~~Weather event (severity 3) at Chicago. Linked entities: route RTE-CHI-20240617-001, driver DRV-01005, vehicle VEH-0037.~~NL~~~~NL~~TIMELINE~~NL~~- 2024-06-17 12:56 event reported.~~NL~~- +00:20 supervisor on scene; area secured.~~NL~~- +01:30 impact assessed and affected shipments identified.~~NL~~~~NL~~ROOT CAUSE~~NL~~Severe weather at the hub exceeded the safe-dispatch threshold.~~NL~~~~NL~~REMEDIATION~~NL~~Dispatch now holds this route when conditions cross the same threshold that was missed here."
IR-7058,INC-2024-00067,Alicia Munro,2024-07-08T16:02:21,2,,"INCIDENT REPORT INC-2024-00067 — ACCIDENT (severity 2)~~NL~~Hub: HUB-DET (Detroit). Filed by Alicia Munro on 2024-07-08.~~NL~~~~NL~~SUMMARY~~NL~~Accident event (severity 2) at Detroit. Linked entities: route RTE-DET-20240704-002, driver DRV-01022, vehicle VEH-0044.~~NL~~~~NL~~TIMELINE~~NL~~- 2024-07-04 16:02 event reported.~~NL~~- +00:20 supervisor on scene; area secured.~~NL~~- +01:30 impact assessed and affected shipments identified.~~NL~~~~NL~~ROOT CAUSE~~NL~~Braking distance was insufficient for road conditions; the approach hadn't been treated for ice.~~NL~~~~NL~~REMEDIATION~~NL~~Vehicle pulled for inspection; see linked work order."
IR-7059,INC-2024-00070,R. Kowalski (Safety),2024-08-02T17:03:49,3,SHP-202407-000088,"INCIDENT REPORT INC-2024-00070 — WEATHER (severity 3)~~NL~~Hub: HUB-CMH (Columbus). Filed by R. Kowalski (Safety) on 2024-08-02.~~NL~~~~NL~~SUMMARY~~NL~~Weather event (severity 3) at Columbus. Linked entities: route RTE-CMH-20240730-002, driver DRV-01043, vehicle VEH-0007.~~NL~~~~NL~~TIMELINE~~NL~~- 2024-07-28 17:03 event reported.~~NL~~- +00:20 supervisor on scene; area secured.~~NL~~- +01:30 impact assessed and affected shipments identified.~~NL~~~~NL~~ROOT CAUSE~~NL~~Severe weather at the hub exceeded the safe-dispatch threshold.~~NL~~~~NL~~REMEDIATION~~NL~~Dispatch now holds this route when conditions cross the same threshold that was missed here."
IR-7060,INC-2024-00003,Yolanda Pierce,2024-08-16T15:37:17,3,,"INCIDENT REPORT INC-2024-00003 — WEATHER (severity 3)~~NL~~Hub: HUB-CMH (Columbus). Filed by Yolanda Pierce on 2024-08-16.~~NL~~~~NL~~SUMMARY~~NL~~Weather event (severity 3) at Columbus. Linked entities: route RTE-CMH-20240812-002, driver DRV-01013, vehicle VEH-0041.~~NL~~~~NL~~TIMELINE~~NL~~- 2024-08-12 15:37 event reported.~~NL~~- +00:20 supervisor on scene; area secured.~~NL~~- +01:30 impact assessed and affected shipments identified.~~NL~~~~NL~~ROOT CAUSE~~NL~~Severe weather at the hub exceeded the safe-dispatch threshold.~~NL~~~~NL~~REMEDIATION~~NL~~Added a manual weather check to the dispatch board for this hub before morning departures."
IR-7061,INC-2024-00008,T. Nakamura (Safety),2024-09-21T20:51:53,2,,INCIDENT REPORT INC-2024-00008 — ACCIDENT (severity 2)~~NL~~Hub: HUB-CHI (Chicago). Filed by T. Nakamura (Safety) on 2024-09-21.~~NL~~~~NL~~SUMMARY~~NL~~Accident event (severity 2) at Chicago. Linked entities: no linked entities.~~NL~~~~NL~~TIMELINE~~NL~~- 2024-09-18 20:51 event reported.~~NL~~- +00:20 supervisor on scene; area secured.~~NL~~- +01:30 impact assessed and affected shipments identified.~~NL~~~~NL~~ROOT CAUSE~~NL~~Loss of traction on an unsalted approach; contributing factor was reduced following distance.~~NL~~~~NL~~REMEDIATION~~NL~~Refresher training booked for the shift; checklist now requires a supervisor sign-off.
IR-7062,INC-2024-00080,P. Grantham (Safety),2024-10-11T18:19:30,2,,"INCIDENT REPORT INC-2024-00080 — ACCIDENT (severity 2)~~NL~~Hub: HUB-DET (Detroit). Filed by P. Grantham (Safety) on 2024-10-11.~~NL~~~~NL~~SUMMARY~~NL~~Accident event (severity 2) at Detroit. Linked entities: route RTE-DET-20241009-002, driver DRV-01193, vehicle VEH-0044.~~NL~~~~NL~~TIMELINE~~NL~~- 2024-10-08 18:19 event reported.~~NL~~- +00:20 supervisor on scene; area secured.~~NL~~- +01:30 impact assessed and affected shipments identified.~~NL~~~~NL~~ROOT CAUSE~~NL~~Loss of traction on an unsalted approach; contributing factor was reduced following distance.~~NL~~~~NL~~REMEDIATION~~NL~~Vehicle pulled for inspection; see linked work order."
IR-7063,INC-2024-00038,J. Alvarez (Ops),2024-10-18T19:37:27,3,,"INCIDENT REPORT INC-2024-00038 — DELAY (severity 3)~~NL~~Hub: HUB-IND (Indianapolis). Filed by J. Alvarez (Ops) on 2024-10-18.~~NL~~~~NL~~SUMMARY~~NL~~Delay event (severity 3) at Indianapolis. Linked entities: route RTE-IND-20241016-001, driver DRV-01031, vehicle VEH-0034.~~NL~~~~NL~~TIMELINE~~NL~~- 2024-10-16 19:37 event reported.~~NL~~- +00:20 supervisor on scene; area secured.~~NL~~- +01:30 impact assessed and affected shipments identified.~~NL~~~~NL~~ROOT CAUSE~~NL~~A delay at the previous hub pushed this leg past its dispatch window, and the next truck had already left.~~NL~~~~NL~~REMEDIATION~~NL~~Dispatch now holds this route when conditions cross the same threshold that was missed here."
IR-7064,INC-2024-00025,Gordon Reyes,2024-11-06T11:21:09,3,,INCIDENT REPORT INC-2024-00025 — WEATHER (severity 3)~~NL~~Hub: HUB-CHI (Chicago). Filed by Gordon Reyes on 2024-11-06.~~NL~~~~NL~~SUMMARY~~NL~~Weather event (severity 3) at Chicago. Linked entities: no linked entities.~~NL~~~~NL~~TIMELINE~~NL~~- 2024-11-03 11:21 event reported.~~NL~~- +00:20 supervisor on scene; area secured.~~NL~~- +01:30 impact assessed and affected shipments identified.~~NL~~~~NL~~ROOT CAUSE~~NL~~Severe weather at the hub exceeded the safe-dispatch threshold.~~NL~~~~NL~~REMEDIATION~~NL~~Dispatch threshold adjusted for the affected conditions.
IR-7065,INC-2024-00034,J. Alvarez (Ops),2024-11-18T07:21:50,3,SHP-202411-000111,INCIDENT REPORT INC-2024-00034 — DELAY (severity 3)~~NL~~Hub: HUB-CHI (Chicago). Filed by J. Alvarez (Ops) on 2024-11-18.~~NL~~~~NL~~SUMMARY~~NL~~Delay event (severity 3) at Chicago. Linked entities: no linked entities.~~NL~~~~NL~~TIMELINE~~NL~~- 2024-11-16 07:21 event reported.~~NL~~- +00:20 supervisor on scene; area secured.~~NL~~- +01:30 impact assessed and affected shipments identified.~~NL~~~~NL~~ROOT CAUSE~~NL~~An upstream exception ate the buffer this leg needed; there was no next available departure until the next day.~~NL~~~~NL~~REMEDIATION~~NL~~Dispatch threshold adjusted for the affected conditions.
IR-7066,INC-2024-00065,M. Vieira (Safety),2024-12-22T15:18:46,4,,"INCIDENT REPORT INC-2024-00065 — DISPUTE (severity 4)~~NL~~Hub: HUB-IND (Indianapolis). Filed by M. Vieira (Safety) on 2024-12-22.~~NL~~~~NL~~SUMMARY~~NL~~Dispute event (severity 4) at Indianapolis. Linked entities: route RTE-IND-20241217-002, driver DRV-01024, vehicle VEH-0008.~~NL~~~~NL~~TIMELINE~~NL~~- 2024-12-17 15:18 event reported.~~NL~~- +00:20 supervisor on scene; area secured.~~NL~~- +01:30 impact assessed and affected shipments identified.~~NL~~~~NL~~ROOT CAUSE~~NL~~Conflicting POD records between the driver app and the consignee.~~NL~~~~NL~~REMEDIATION~~NL~~POD records reconciled between the driver app and the consignee; documentation steps reviewed with the crew."
