doc_id,client_id,driver_id,effective_date,doc_type,body
LGL-4000,CLI-0042,,2023-11-14,MSA,"MASTER SERVICES AGREEMENT — Jaffle Logistics and Jaffle Equipment (CLI-0042).~~NL~~Effective 2023-11-14. Referenced contract: CON-0042-01.~~NL~~1. SERVICES. Jaffle Logistics shall provide LTL logistics services in the IL region.~~NL~~2. SERVICE LEVELS. Target on-time delivery of 97.0% measured monthly.~~NL~~3. CREDITS. 1.0% of monthly spend credited per full percentage point below the SLA on-time target, capped at 10% of monthly spend.~~NL~~4. TERM. Initial term of twenty-four (24) months, auto-renewing for successive twelve (12) month terms.~~NL~~Prepared by N. Brightwater (Legal)."
LGL-4001,CLI-0007,,2022-04-16,MSA,"MASTER SERVICES AGREEMENT — Jaffle Logistics and Jaffle Storefronts (CLI-0007).~~NL~~Effective 2022-04-16. Referenced contract: CON-0007-01.~~NL~~1. SERVICES. Jaffle Logistics shall provide last-mile logistics services in the OH region.~~NL~~2. SERVICE LEVELS. Target on-time delivery of 97.0% measured monthly.~~NL~~3. CREDITS. 1.0% of monthly spend credited per full percentage point below the SLA on-time target, capped at 10% of monthly spend.~~NL~~4. TERM. Initial term of twenty-four (24) months, auto-renewing for successive twelve (12) month terms.~~NL~~Prepared by S. Ackerman (Legal)."
LGL-4004,CLI-0155,,2023-07-28,MSA,"MASTER SERVICES AGREEMENT — Jaffle Logistics and Jaffle Crew Outfitters (CLI-0155).~~NL~~Effective 2023-07-28. Referenced contract: CON-0155-01.~~NL~~1. SERVICES. Jaffle Logistics shall provide last-mile logistics services in the IN region.~~NL~~2. SERVICE LEVELS. Target on-time delivery of 95.0% measured monthly.~~NL~~3. CREDITS. 1.0% of monthly spend credited per full percentage point below the SLA on-time target, capped at 10% of monthly spend.~~NL~~4. TERM. Initial term of twenty-four (24) months, auto-renewing for successive twelve (12) month terms.~~NL~~Prepared by T. Ramachandran (Legal)."
LGL-4005,CLI-0169,,2024-06-24,MSA,"MASTER SERVICES AGREEMENT — Jaffle Logistics and Jaffle Beverage Co (CLI-0169).~~NL~~Effective 2024-06-24. Referenced contract: CON-0169-01.~~NL~~1. SERVICES. Jaffle Logistics shall provide warehousing logistics services in the OH region.~~NL~~2. SERVICE LEVELS. Target on-time delivery of 95.0% measured monthly.~~NL~~3. CREDITS. 1.0% of monthly spend credited per full percentage point below the SLA on-time target, capped at 10% of monthly spend.~~NL~~4. TERM. Initial term of twenty-four (24) months, auto-renewing for successive twelve (12) month terms.~~NL~~Prepared by N. Brightwater (Legal)."
LGL-4006,CLI-0201,,2024-06-14,MSA,"MASTER SERVICES AGREEMENT — Jaffle Logistics and Jaffle Paper & Packaging (CLI-0201).~~NL~~Effective 2024-06-14. Referenced contract: CON-0201-01.~~NL~~1. SERVICES. Jaffle Logistics shall provide last-mile logistics services in the KY region.~~NL~~2. SERVICE LEVELS. Target on-time delivery of 92.0% measured monthly.~~NL~~3. CREDITS. 1.0% of monthly spend credited per full percentage point below the SLA on-time target, capped at 10% of monthly spend.~~NL~~4. TERM. Initial term of twenty-four (24) months, auto-renewing for successive twelve (12) month terms.~~NL~~Prepared by N. Brightwater (Legal)."
LGL-4010,CLI-0007,,2025-03-11,SLA_addendum,SLA ADDENDUM to CON-0007-01 — Jaffle Storefronts (CLI-0007). Effective 2025-03-11.~~NL~~The parties agree to adjust the on-time measurement window to exclude documented force-majeure weather events at the origin hub. All other terms of the Master Services Agreement remain in effect. Credit mechanics per the MSA are unchanged.
LGL-4013,CLI-0155,,2025-04-15,SLA_addendum,SLA ADDENDUM to CON-0155-01 — Jaffle Crew Outfitters (CLI-0155). Effective 2025-04-15.~~NL~~The parties agree to adjust the on-time measurement window to exclude documented force-majeure weather events at the origin hub. All other terms of the Master Services Agreement remain in effect. Credit mechanics per the MSA are unchanged.
LGL-9001,CLI-0042,,2025-02-05,SLA_addendum,"SLA CREDIT MEMORANDUM — Master Services Agreement with Jaffle Equipment (CLI-0042), contract CON-0042-01. Effective 2025-02-05.~~NL~~Pursuant to the credit clause of the MSA, Jaffle Logistics acknowledges that the January 14-16 winter storm at the Chicago hub caused on-time performance to fall below the contracted target. Root event documented under incident INC-2025-00417. Jaffle Logistics will apply a credit of 1.0% of January spend per full percentage point below target, capped at 10%. This memorandum does not otherwise modify the MSA."
LGL-9002,,DRV-01188,2022-06-13,driver_agreement,"INDEPENDENT CONTRACTOR DRIVER AGREEMENT — DRV-01188. Effective 2022-06-13.~~NL~~1. RELATIONSHIP. Contractor operates as an independent contractor, not an employee.~~NL~~2. PERFORMANCE. Contractor shall complete assigned routes within service windows and promptly notify dispatch of any inability to perform.~~NL~~3. TERMINATION FOR CAUSE. Jaffle Logistics may deactivate the contractor for repeated failure to perform or failure to notify, including no-call/no-show events.~~NL~~4. DISPUTE. Disputes shall first be raised with People Ops and Legal before external remedies."
LGL-4014,CLI-0007,,2020-04-16,MSA,"MASTER SERVICES AGREEMENT — Jaffle Logistics and Jaffle Storefronts (CLI-0007).~~NL~~Effective 2020-04-16. Referenced contract: CON-0007-00.~~NL~~1. SERVICES. Jaffle Logistics shall provide last-mile logistics services in the OH region.~~NL~~2. SERVICE LEVELS. Target on-time delivery of 96.0% measured monthly.~~NL~~3. CREDITS. 1.0% of monthly spend credited per full percentage point below the SLA on-time target, capped at 10% of monthly spend.~~NL~~4. TERM. Initial term of twenty-four (24) months, auto-renewing for successive twelve (12) month terms.~~NL~~Prepared by S. Ackerman (Legal)."
LGL-4015,CLI-0155,,2021-07-28,MSA,"MASTER SERVICES AGREEMENT — Jaffle Logistics and Jaffle Crew Outfitters (CLI-0155).~~NL~~Effective 2021-07-28. Referenced contract: CON-0155-00.~~NL~~1. SERVICES. Jaffle Logistics shall provide last-mile logistics services in the IN region.~~NL~~2. SERVICE LEVELS. Target on-time delivery of 94.0% measured monthly.~~NL~~3. CREDITS. 1.0% of monthly spend credited per full percentage point below the SLA on-time target, capped at 10% of monthly spend.~~NL~~4. TERM. Initial term of twenty-four (24) months, auto-renewing for successive twelve (12) month terms.~~NL~~Prepared by T. Ramachandran (Legal)."
LGL-4016,CLI-0042,,2021-11-14,MSA,"MASTER SERVICES AGREEMENT — Jaffle Logistics and Jaffle Equipment (CLI-0042).~~NL~~Effective 2021-11-14. Referenced contract: CON-0042-00.~~NL~~1. SERVICES. Jaffle Logistics shall provide LTL logistics services in the IL region.~~NL~~2. SERVICE LEVELS. Target on-time delivery of 95.5% measured monthly.~~NL~~3. CREDITS. 1.0% of monthly spend credited per full percentage point below the SLA on-time target, capped at 10% of monthly spend.~~NL~~4. TERM. Initial term of twenty-four (24) months, auto-renewing for successive twelve (12) month terms.~~NL~~Prepared by N. Brightwater (Legal)."
LGL-4017,CLI-0201,,2022-06-14,MSA,"MASTER SERVICES AGREEMENT — Jaffle Logistics and Jaffle Paper & Packaging (CLI-0201).~~NL~~Effective 2022-06-14. Referenced contract: CON-0201-00.~~NL~~1. SERVICES. Jaffle Logistics shall provide LTL logistics services in the KY region.~~NL~~2. SERVICE LEVELS. Target on-time delivery of 91.0% measured monthly.~~NL~~3. CREDITS. 1.0% of monthly spend credited per full percentage point below the SLA on-time target, capped at 10% of monthly spend.~~NL~~4. TERM. Initial term of twenty-four (24) months, auto-renewing for successive twelve (12) month terms.~~NL~~Prepared by M. Osei (Legal)."
LGL-4018,CLI-0169,,2022-06-24,MSA,"MASTER SERVICES AGREEMENT — Jaffle Logistics and Jaffle Beverage Co (CLI-0169).~~NL~~Effective 2022-06-24. Referenced contract: CON-0169-00.~~NL~~1. SERVICES. Jaffle Logistics shall provide warehousing logistics services in the OH region.~~NL~~2. SERVICE LEVELS. Target on-time delivery of 94.0% measured monthly.~~NL~~3. CREDITS. 1.0% of monthly spend credited per full percentage point below the SLA on-time target, capped at 10% of monthly spend.~~NL~~4. TERM. Initial term of twenty-four (24) months, auto-renewing for successive twelve (12) month terms.~~NL~~Prepared by N. Brightwater (Legal)."
LGL-4019,CLI-0155,,2022-11-08,SLA_addendum,SLA ADDENDUM to CON-0155-00 — Jaffle Crew Outfitters (CLI-0155). Effective 2022-11-08.~~NL~~The parties agree to clarify that on-time delivery is measured against the contracted service window using the hub scan-out timestamp as the origin event. All other terms of the Master Services Agreement remain in effect. Credit mechanics per the MSA are unchanged.
LGL-4020,CLI-0169,,2023-04-11,SLA_addendum,"SIDE LETTER — Jaffle Beverage Co (CLI-0169), contract CON-0169-00. Effective 2023-04-11.~~NL~~The parties acknowledge a one-time carry-over of an unused service credit from the prior measurement period, to be applied against the next qualifying shortfall. This letter is administrative only and does not amend the Master Services Agreement."
LGL-4021,CLI-0042,,2024-01-30,SLA_addendum,"SLA ADDENDUM to CON-0042-01 — Jaffle Equipment (CLI-0042). Effective 2024-01-30.~~NL~~The parties agree that, for shipments tendered during the peak-season window (November 15 to December 24), the on-time measurement window is extended by one (1) business day. All other terms of the Master Services Agreement remain in effect. Credit mechanics per the MSA are unchanged."
LGL-4022,CLI-0007,,2024-03-15,SLA_addendum,SLA ADDENDUM to CON-0007-01 — Jaffle Storefronts (CLI-0007). Effective 2024-03-15.~~NL~~The parties confirm the renewal of CON-0007-01 for a further twelve (12) month term and restate the target on-time delivery of 97.0% measured monthly. No other terms of the Master Services Agreement are modified.
LGL-4023,CLI-0201,,2024-11-05,SLA_addendum,SLA ADDENDUM to CON-0201-01 — Jaffle Paper & Packaging (CLI-0201). Effective 2024-11-05.~~NL~~The parties agree to adjust the on-time measurement window to exclude documented force-majeure weather events at the origin hub. All other terms of the Master Services Agreement remain in effect. Credit mechanics per the MSA are unchanged.
LGL-4024,,DRV-01001,2020-06-02,driver_agreement,"INDEPENDENT CONTRACTOR DRIVER AGREEMENT — DRV-01001. Effective 2020-06-02.~~NL~~1. RELATIONSHIP. Contractor operates as an independent contractor, not an employee.~~NL~~2. PERFORMANCE. Contractor shall complete assigned routes within service windows and promptly notify dispatch of any inability to perform.~~NL~~3. TERMINATION FOR CAUSE. Jaffle Logistics may deactivate the contractor for repeated failure to perform or failure to notify, including no-call/no-show events.~~NL~~4. DISPUTE. Disputes shall first be raised with People Ops and Legal before external remedies."
LGL-4025,,DRV-01005,2023-01-19,driver_agreement,"INDEPENDENT CONTRACTOR DRIVER AGREEMENT — DRV-01005. Effective 2023-01-19.~~NL~~1. RELATIONSHIP. Contractor operates as an independent contractor, not an employee.~~NL~~2. PERFORMANCE. Contractor shall complete assigned routes within service windows and promptly notify dispatch of any inability to perform.~~NL~~3. TERMINATION FOR CAUSE. Jaffle Logistics may deactivate the contractor for repeated failure to perform or failure to notify, including no-call/no-show events.~~NL~~4. DISPUTE. Disputes shall first be raised with People Ops and Legal before external remedies."
