revenue_month,client_id,contracted_base_revenue,accessorial_revenue,credited_amount,net_revenue,invoice_count,shipment_count,ontime_pct,trailing_12m_ontime_pct,sla_ontime_pct,measurement_basis
2020-01-01,CLI-0007,30985.92,845.08,0.00,31831.00,4,,,,96.0,no_shipment_record
2020-02-01,CLI-0007,30985.92,845.08,0.00,31831.00,4,,,,96.0,no_shipment_record
2020-03-01,CLI-0007,35752.99,975.10,0.00,36728.09,5,,,,96.0,no_shipment_record
2020-04-01,CLI-0007,29794.16,812.58,0.00,30606.74,4,,,,96.0,no_shipment_record
2020-05-01,CLI-0007,32177.69,877.59,0.00,33055.28,4,,,,96.0,no_shipment_record
2020-06-01,CLI-0007,23835.32,650.06,0.00,24485.38,5,,,,96.0,no_shipment_record
2020-07-01,CLI-0007,28602.39,780.08,0.00,29382.47,4,,,,96.0,no_shipment_record
2020-08-01,CLI-0007,30985.92,845.08,0.00,31831.00,5,,,,96.0,no_shipment_record
2020-09-01,CLI-0007,30985.92,845.08,0.00,31831.00,4,,,,96.0,no_shipment_record
2020-10-01,CLI-0007,35752.99,975.10,0.00,36728.09,4,,,,96.0,no_shipment_record
2020-11-01,CLI-0007,47670.65,1300.13,0.00,48970.78,5,,,,96.0,no_shipment_record
2020-12-01,CLI-0007,39328.29,1072.60,0.00,40400.89,4,,,,96.0,no_shipment_record
2021-01-01,CLI-0007,34079.44,929.45,0.00,35008.89,4,,,,96.0,no_shipment_record
2021-02-01,CLI-0007,34079.44,929.45,0.00,35008.89,4,,,,96.0,no_shipment_record
2021-03-01,CLI-0007,37730.81,1029.04,0.00,38759.85,5,,,,96.0,no_shipment_record
2021-04-01,CLI-0007,31645.20,863.06,0.00,32508.26,4,,,,96.0,no_shipment_record
2021-05-01,CLI-0007,35296.57,962.65,0.00,36259.22,5,,,,96.0,no_shipment_record
2021-06-01,CLI-0007,25559.58,697.09,0.00,26256.67,4,,,,96.0,no_shipment_record
2021-07-01,CLI-0007,30428.07,829.87,0.00,31257.94,4,,,,96.0,no_shipment_record
2021-08-01,CLI-0007,34079.44,929.45,0.00,35008.89,5,,,,96.0,no_shipment_record
2021-09-01,CLI-0007,34079.44,929.45,0.00,35008.89,4,,,,96.0,no_shipment_record
2021-10-01,CLI-0007,37730.81,1029.04,0.00,38759.85,4,,,,96.0,no_shipment_record
2021-11-01,CLI-0007,49902.04,1360.98,0.00,51263.02,5,,,,96.0,no_shipment_record
2021-12-01,CLI-0007,41382.18,1128.62,0.00,42510.80,4,,,,96.0,no_shipment_record
2022-01-01,CLI-0007,36031.91,982.70,0.00,37014.61,5,,,,96.0,no_shipment_record
2022-02-01,CLI-0007,36031.91,982.70,0.00,37014.61,4,,,,96.0,no_shipment_record
2022-03-01,CLI-0007,41001.83,1118.25,0.00,42120.08,4,,,,96.0,no_shipment_record
2022-04-01,CLI-0007,33546.95,914.93,0.00,34461.88,4,,,,97.0,no_shipment_record
2022-05-01,CLI-0007,37274.39,1016.59,0.00,38290.98,5,,,,97.0,no_shipment_record
2022-06-01,CLI-0007,27334.55,745.50,0.00,28080.05,4,,,,97.0,no_shipment_record
2022-07-01,CLI-0007,32304.47,881.04,0.00,33185.51,4,,,,97.0,no_shipment_record
2022-08-01,CLI-0007,36031.91,982.70,0.00,37014.61,5,,,,97.0,no_shipment_record
2022-09-01,CLI-0007,36031.91,982.70,0.00,37014.61,4,,,,97.0,no_shipment_record
2022-10-01,CLI-0007,41001.83,1118.25,0.00,42120.08,5,,,,97.0,no_shipment_record
2022-11-01,CLI-0007,53426.63,1457.11,0.00,54883.74,4,,,,97.0,no_shipment_record
2022-12-01,CLI-0007,44729.27,1219.91,0.00,45949.18,4,,,,97.0,no_shipment_record
2023-01-01,CLI-0007,35387.50,790.00,0.00,36177.50,6,30,100.0,,97.0,partial_history
2023-02-01,CLI-0007,38237.50,1300.00,0.00,39537.50,5,30,100.0,,97.0,partial_history
2023-03-01,CLI-0007,39615.00,1130.00,0.00,40745.00,5,34,100.0,,97.0,partial_history
2023-04-01,CLI-0007,34675.00,1280.00,0.00,35955.00,5,28,96.4,,97.0,partial_history
2023-05-01,CLI-0007,42370.00,960.00,0.00,43330.00,5,31,96.8,,97.0,partial_history
2023-06-01,CLI-0007,34675.00,725.00,0.00,35400.00,5,23,87.0,,97.0,partial_history
2023-07-01,CLI-0007,33772.50,1140.00,0.00,34912.50,5,27,96.3,,97.0,partial_history
2023-08-01,CLI-0007,41610.00,1215.00,0.00,42825.00,5,30,96.7,,97.0,partial_history
2023-09-01,CLI-0007,34912.50,705.00,0.00,35617.50,4,30,100.0,,97.0,partial_history
2023-10-01,CLI-0007,43937.50,1215.00,0.00,45152.50,5,34,94.1,,97.0,partial_history
2023-11-01,CLI-0007,56905.00,1525.00,0.00,58430.00,5,45,97.8,,97.0,partial_history
2023-12-01,CLI-0007,44412.50,1120.00,0.00,45532.50,5,37,100.0,,97.0,partial_history
2024-01-01,CLI-0007,40565.00,1025.00,0.00,41590.00,5,29,93.1,96.8,97.0,trailing_12m
2024-02-01,CLI-0007,32537.50,895.00,0.00,33432.50,5,21,100.0,96.7,97.0,trailing_12m
2024-03-01,CLI-0007,38665.00,1395.00,0.00,40060.00,4,28,92.9,96.1,97.0,trailing_12m
2024-04-01,CLI-0007,31350.00,800.00,0.00,32150.00,5,25,96.0,96.1,97.0,trailing_12m
2024-05-01,CLI-0007,28310.00,715.00,0.00,29025.00,5,25,100.0,96.3,97.0,trailing_12m
2024-06-01,CLI-0007,32442.50,970.00,0.00,33412.50,5,28,100.0,97.2,97.0,trailing_12m
2024-07-01,CLI-0007,49162.50,1790.00,0.00,50952.50,5,40,95.0,97.0,97.0,trailing_12m
2024-08-01,CLI-0007,31112.50,1055.00,0.00,32167.50,5,26,100.0,97.3,97.0,trailing_12m
2024-09-01,CLI-0007,34437.50,980.00,0.00,35417.50,5,24,95.8,97.0,97.0,trailing_12m
2024-10-01,CLI-0007,53437.50,1845.00,0.00,55282.50,5,41,97.6,97.3,97.0,trailing_12m
2024-11-01,CLI-0007,50207.50,1195.00,0.00,51402.50,5,42,100.0,97.5,97.0,trailing_12m
2024-12-01,CLI-0007,65360.00,1825.00,0.00,67185.00,6,51,96.1,97.1,97.0,trailing_12m
2025-01-01,CLI-0007,28547.50,800.00,0.00,29347.50,5,29,86.2,96.6,97.0,trailing_12m
2025-02-01,CLI-0007,22610.00,470.00,230.80,22849.20,5,24,87.5,95.8,97.0,trailing_12m
2025-03-01,CLI-0007,32252.50,1215.00,334.68,33132.82,6,31,93.5,95.9,97.0,trailing_12m
2025-04-01,CLI-0007,38237.50,1715.00,0.00,39952.50,5,35,100.0,96.2,97.0,trailing_12m
2025-05-01,CLI-0007,38712.50,1940.00,0.00,40652.50,5,35,97.1,96.1,97.0,trailing_12m
2025-06-01,CLI-0007,25982.50,1235.00,272.18,26945.32,5,23,100.0,96.0,97.0,trailing_12m
2025-07-01,CLI-0007,28642.50,1140.00,0.00,29782.50,5,27,100.0,96.4,97.0,trailing_12m
2025-08-01,CLI-0007,32300.00,1525.00,0.00,33825.00,5,30,96.7,96.2,97.0,trailing_12m
2025-09-01,CLI-0007,30875.00,1130.00,0.00,32005.00,5,30,100.0,96.5,97.0,trailing_12m
2025-10-01,CLI-0007,37192.50,1205.00,0.00,38397.50,5,37,100.0,96.7,97.0,trailing_12m
2025-11-01,CLI-0007,43130.00,1535.00,0.00,44665.00,5,42,97.6,96.4,97.0,trailing_12m
2025-12-01,CLI-0007,48260.00,2130.00,0.00,50390.00,5,44,97.7,96.6,97.0,trailing_12m
2020-01-01,CLI-0042,46433.40,1283.93,0.00,47717.33,4,,,,95.5,no_shipment_record
2020-02-01,CLI-0042,26354.09,728.72,0.00,27082.81,4,,,,95.5,no_shipment_record
2020-03-01,CLI-0042,37648.70,1041.02,0.00,38689.72,5,,,,95.5,no_shipment_record
2020-04-01,CLI-0042,26354.09,728.72,0.00,27082.81,4,,,,95.5,no_shipment_record
2020-05-01,CLI-0042,41413.57,1145.12,0.00,42558.69,4,,,,95.5,no_shipment_record
2020-06-01,CLI-0042,33883.83,936.92,0.00,34820.75,5,,,,95.5,no_shipment_record
2020-07-01,CLI-0042,43923.48,1214.53,0.00,45138.01,4,,,,95.5,no_shipment_record
2020-08-01,CLI-0042,31373.92,867.52,0.00,32241.44,5,,,,95.5,no_shipment_record
2020-09-01,CLI-0042,41413.57,1145.12,0.00,42558.69,4,,,,95.5,no_shipment_record
2020-10-01,CLI-0042,42668.53,1179.82,0.00,43848.35,4,,,,95.5,no_shipment_record
2020-11-01,CLI-0042,33883.83,936.92,0.00,34820.75,5,,,,95.5,no_shipment_record
2020-12-01,CLI-0042,52708.18,1457.43,0.00,54165.61,4,,,,95.5,no_shipment_record
2021-01-01,CLI-0042,49984.66,1382.12,0.00,51366.78,4,,,,95.5,no_shipment_record
2021-02-01,CLI-0042,28196.47,779.66,0.00,28976.13,4,,,,95.5,no_shipment_record
2021-03-01,CLI-0042,39731.39,1098.61,0.00,40830.00,5,,,,95.5,no_shipment_record
2021-04-01,CLI-0042,28196.47,779.66,0.00,28976.13,4,,,,95.5,no_shipment_record
2021-05-01,CLI-0042,43576.37,1204.93,0.00,44781.30,5,,,,95.5,no_shipment_record
2021-06-01,CLI-0042,37168.08,1027.73,0.00,38195.81,4,,,,95.5,no_shipment_record
2021-07-01,CLI-0042,47421.34,1311.24,0.00,48732.58,4,,,,95.5,no_shipment_record
2021-08-01,CLI-0042,33323.10,921.41,0.00,34244.51,5,,,,95.5,no_shipment_record
2021-09-01,CLI-0042,43576.37,1204.93,0.00,44781.30,4,,,,95.5,no_shipment_record
2021-10-01,CLI-0042,46139.68,1275.81,0.00,47415.49,4,,,,95.5,no_shipment_record
2021-11-01,CLI-0042,37168.08,1027.73,0.00,38195.81,5,,,,95.5,no_shipment_record
2021-12-01,CLI-0042,56392.94,1559.32,0.00,57952.26,4,,,,95.5,no_shipment_record
2022-01-01,CLI-0042,52334.36,1447.09,0.00,53781.45,5,,,,95.5,no_shipment_record
2022-02-01,CLI-0042,30092.26,832.08,0.00,30924.34,4,,,,95.5,no_shipment_record
2022-03-01,CLI-0042,43175.85,1193.85,0.00,44369.70,4,,,,95.5,no_shipment_record
2022-04-01,CLI-0042,30092.26,832.08,0.00,30924.34,4,,,,95.5,no_shipment_record
2022-05-01,CLI-0042,47100.93,1302.38,0.00,48403.31,5,,,,95.5,no_shipment_record
2022-06-01,CLI-0042,39250.77,1085.32,0.00,40336.09,4,,,,95.5,no_shipment_record
2022-07-01,CLI-0042,49717.64,1374.74,0.00,51092.38,4,,,,95.5,no_shipment_record
2022-08-01,CLI-0042,35325.69,976.79,0.00,36302.48,5,,,,95.5,no_shipment_record
2022-09-01,CLI-0042,47100.93,1302.38,0.00,48403.31,4,,,,95.5,no_shipment_record
2022-10-01,CLI-0042,48409.28,1338.56,0.00,49747.84,5,,,,95.5,no_shipment_record
2022-11-01,CLI-0042,39250.77,1085.32,0.00,40336.09,4,,,,95.5,no_shipment_record
2022-12-01,CLI-0042,60184.52,1664.16,0.00,61848.68,4,,,,95.5,no_shipment_record
2023-01-01,CLI-0042,52650.00,1760.00,0.00,54410.00,6,42,97.6,,95.5,partial_history
2023-02-01,CLI-0042,37950.00,810.00,0.00,38760.00,5,24,91.7,,95.5,partial_history
2023-03-01,CLI-0042,44550.00,1385.00,0.00,45935.00,5,34,100.0,,95.5,partial_history
2023-04-01,CLI-0042,29500.00,980.00,0.00,30480.00,4,24,95.8,,95.5,partial_history
2023-05-01,CLI-0042,51300.00,1205.00,0.00,52505.00,5,37,100.0,,95.5,partial_history
2023-06-01,CLI-0042,41850.00,1640.00,0.00,43490.00,5,31,100.0,,95.5,partial_history
2023-07-01,CLI-0042,51800.00,1110.00,0.00,52910.00,4,40,100.0,,95.5,partial_history
2023-08-01,CLI-0042,36500.00,1140.00,0.00,37640.00,5,28,100.0,,95.5,partial_history
2023-09-01,CLI-0042,49950.00,1205.00,0.00,51155.00,5,37,97.3,,95.5,partial_history
2023-10-01,CLI-0042,48300.00,1430.00,0.00,49730.00,6,39,97.4,,95.5,partial_history
2023-11-01,CLI-0042,37500.00,1130.00,0.00,38630.00,5,31,96.8,,97.0,partial_history
2023-12-01,CLI-0042,72200.00,1525.00,0.00,73725.00,5,48,97.9,,97.0,partial_history
2024-01-01,CLI-0042,64950.00,1440.00,0.00,66390.00,5,48,97.9,98.1,97.0,trailing_12m
2024-02-01,CLI-0042,45250.00,1045.00,0.00,46295.00,5,34,100.0,98.6,97.0,trailing_12m
2024-03-01,CLI-0042,49050.00,1120.00,0.00,50170.00,5,38,100.0,98.6,97.0,trailing_12m
2024-04-01,CLI-0042,34650.00,1055.00,0.00,35705.00,5,28,96.4,98.6,97.0,trailing_12m
2024-05-01,CLI-0042,41800.00,1290.00,0.00,43090.00,5,35,100.0,98.6,97.0,trailing_12m
2024-06-01,CLI-0042,43050.00,855.00,0.00,43905.00,5,29,96.6,98.4,97.0,trailing_12m
2024-07-01,CLI-0042,45400.00,705.00,0.00,46105.00,5,32,96.9,98.1,97.0,trailing_12m
2024-08-01,CLI-0042,26500.00,725.00,0.00,27225.00,5,21,95.2,97.9,97.0,trailing_12m
2024-09-01,CLI-0042,33950.00,800.00,0.00,34750.00,4,26,100.0,98.0,97.0,trailing_12m
2024-10-01,CLI-0042,42250.00,1205.00,0.00,43455.00,5,36,97.2,98.0,97.0,trailing_12m
2024-11-01,CLI-0042,49750.00,1450.00,0.00,51200.00,5,40,95.0,97.8,97.0,trailing_12m
2024-12-01,CLI-0042,57750.00,1525.00,0.00,59275.00,6,47,100.0,98.1,97.0,trailing_12m
2025-01-01,CLI-0042,87400.00,525.00,879.25,87045.75,5,38,76.3,96.0,97.0,trailing_12m
2025-02-01,CLI-0042,66700.00,375.00,670.75,66404.25,4,29,89.7,95.2,97.0,trailing_12m
2025-03-01,CLI-0042,78200.00,590.00,1575.80,77214.20,6,34,94.1,94.7,97.0,trailing_12m
2025-04-01,CLI-0042,80500.00,525.00,1620.50,79404.50,5,35,91.4,94.3,97.0,trailing_12m
2025-05-01,CLI-0042,75900.00,450.00,2290.50,74059.50,5,33,90.9,93.5,97.0,trailing_12m
2025-06-01,CLI-0042,64400.00,515.00,2596.60,62318.40,5,28,85.7,92.7,97.0,trailing_12m
2025-07-01,CLI-0042,73600.00,450.00,3702.50,70347.50,5,32,84.4,91.7,97.0,trailing_12m
2025-08-01,CLI-0042,73600.00,450.00,4443.00,69607.00,5,32,81.3,90.7,97.0,trailing_12m
2025-09-01,CLI-0042,75900.00,590.00,5354.30,71135.70,5,33,81.8,89.4,97.0,trailing_12m
2025-10-01,CLI-0042,82800.00,945.00,7537.05,76207.95,5,36,80.6,88.0,97.0,trailing_12m
2025-11-01,CLI-0042,85100.00,805.00,8590.50,77314.50,5,37,78.4,86.5,97.0,trailing_12m
2025-12-01,CLI-0042,112700.00,675.00,11337.50,102037.50,5,49,77.6,83.9,97.0,trailing_12m
2020-01-01,CLI-0155,42915.68,984.45,0.00,43900.13,4,,,,94.0,no_shipment_record
2020-02-01,CLI-0155,39014.25,894.95,0.00,39909.20,4,,,,94.0,no_shipment_record
2020-03-01,CLI-0155,36413.30,835.29,0.00,37248.59,5,,,,94.0,no_shipment_record
2020-04-01,CLI-0155,42915.68,984.45,0.00,43900.13,4,,,,94.0,no_shipment_record
2020-05-01,CLI-0155,33812.35,775.63,0.00,34587.98,4,,,,94.0,no_shipment_record
2020-06-01,CLI-0155,29910.93,686.13,0.00,30597.06,5,,,,94.0,no_shipment_record
2020-07-01,CLI-0155,42915.68,984.45,0.00,43900.13,4,,,,94.0,no_shipment_record
2020-08-01,CLI-0155,36413.30,835.29,0.00,37248.59,5,,,,94.0,no_shipment_record
2020-09-01,CLI-0155,35112.83,805.46,0.00,35918.29,4,,,,94.0,no_shipment_record
2020-10-01,CLI-0155,33812.35,775.63,0.00,34587.98,4,,,,94.0,no_shipment_record
2020-11-01,CLI-0155,42915.68,984.45,0.00,43900.13,5,,,,94.0,no_shipment_record
2020-12-01,CLI-0155,50718.53,1163.44,0.00,51881.97,4,,,,94.0,no_shipment_record
2021-01-01,CLI-0155,46485.07,1066.33,0.00,47551.40,4,,,,94.0,no_shipment_record
2021-02-01,CLI-0155,41172.49,944.46,0.00,42116.95,4,,,,94.0,no_shipment_record
2021-03-01,CLI-0155,38516.20,883.53,0.00,39399.73,5,,,,94.0,no_shipment_record
2021-04-01,CLI-0155,46485.07,1066.33,0.00,47551.40,4,,,,94.0,no_shipment_record
2021-05-01,CLI-0155,37188.05,853.06,0.00,38041.11,5,,,,94.0,no_shipment_record
2021-06-01,CLI-0155,31875.47,731.20,0.00,32606.67,4,,,,94.0,no_shipment_record
2021-07-01,CLI-0155,45156.92,1035.86,0.00,46192.78,4,,,,94.0,no_shipment_record
2021-08-01,CLI-0155,38516.20,883.53,0.00,39399.73,5,,,,94.0,no_shipment_record
2021-09-01,CLI-0155,38516.20,883.53,0.00,39399.73,4,,,,94.0,no_shipment_record
2021-10-01,CLI-0155,35859.91,822.60,0.00,36682.51,4,,,,94.0,no_shipment_record
2021-11-01,CLI-0155,46485.07,1066.33,0.00,47551.40,5,,,,94.0,no_shipment_record
2021-12-01,CLI-0155,53125.79,1218.66,0.00,54344.45,4,,,,94.0,no_shipment_record
2022-01-01,CLI-0155,48809.32,1119.64,0.00,49928.96,5,,,,94.0,no_shipment_record
2022-02-01,CLI-0155,44741.88,1026.34,0.00,45768.22,4,,,,94.0,no_shipment_record
2022-03-01,CLI-0155,42030.25,964.14,0.00,42994.39,4,,,,94.0,no_shipment_record
2022-04-01,CLI-0155,48809.32,1119.64,0.00,49928.96,4,,,,94.0,no_shipment_record
2022-05-01,CLI-0155,39318.62,901.94,0.00,40220.56,5,,,,94.0,no_shipment_record
2022-06-01,CLI-0155,33895.36,777.53,0.00,34672.89,4,,,,94.0,no_shipment_record
2022-07-01,CLI-0155,48809.32,1119.64,0.00,49928.96,4,,,,94.0,no_shipment_record
2022-08-01,CLI-0155,42030.25,964.14,0.00,42994.39,5,,,,94.0,no_shipment_record
2022-09-01,CLI-0155,40674.43,933.04,0.00,41607.47,4,,,,94.0,no_shipment_record
2022-10-01,CLI-0155,37962.80,870.83,0.00,38833.63,5,,,,94.0,no_shipment_record
2022-11-01,CLI-0155,48809.32,1119.64,0.00,49928.96,4,,,,94.0,no_shipment_record
2022-12-01,CLI-0155,56944.21,1306.25,0.00,58250.46,4,,,,94.0,no_shipment_record
2023-01-01,CLI-0155,50541.00,1345.00,0.00,51886.00,6,38,94.7,,94.0,partial_history
2023-02-01,CLI-0155,47022.00,960.00,0.00,47982.00,5,34,97.1,,94.0,partial_history
2023-03-01,CLI-0155,45441.00,790.00,0.00,46231.00,5,32,100.0,,94.0,partial_history
2023-04-01,CLI-0155,51918.00,1205.00,0.00,53123.00,5,38,94.7,,94.0,partial_history
2023-05-01,CLI-0155,40545.00,1215.00,0.00,41760.00,5,30,100.0,,94.0,partial_history
2023-06-01,CLI-0155,34119.00,715.00,0.00,34834.00,5,26,96.2,,94.0,partial_history
2023-07-01,CLI-0155,51969.00,1375.00,0.00,53344.00,6,37,97.3,,95.0,partial_history
2023-08-01,CLI-0155,49215.00,960.00,0.00,50175.00,5,32,100.0,,95.0,partial_history
2023-09-01,CLI-0155,37740.00,1045.00,0.00,38785.00,5,31,96.8,,95.0,partial_history
2023-10-01,CLI-0155,36312.00,1055.00,0.00,37367.00,5,29,96.6,,95.0,partial_history
2023-11-01,CLI-0155,53295.00,1205.00,0.00,54500.00,5,38,97.4,,95.0,partial_history
2023-12-01,CLI-0155,67728.00,1110.00,0.00,68838.00,5,44,100.0,,95.0,partial_history
2024-01-01,CLI-0155,40749.00,790.00,0.00,41539.00,5,30,96.7,97.8,95.0,trailing_12m
2024-02-01,CLI-0155,39321.00,800.00,0.00,40121.00,5,28,96.4,97.7,95.0,trailing_12m
2024-03-01,CLI-0155,31926.00,970.00,0.00,32896.00,5,25,96.0,97.4,95.0,trailing_12m
2024-04-01,CLI-0155,37281.00,1310.00,0.00,38591.00,5,27,100.0,97.9,95.0,trailing_12m
2024-05-01,CLI-0155,47073.00,1130.00,0.00,48203.00,5,33,100.0,97.9,95.0,trailing_12m
2024-06-01,CLI-0155,32487.00,1150.00,0.00,33637.00,5,24,91.7,97.6,95.0,trailing_12m
2024-07-01,CLI-0155,40392.00,960.00,0.00,41352.00,5,30,100.0,97.8,95.0,trailing_12m
2024-08-01,CLI-0155,54060.00,1630.00,0.00,55690.00,5,39,94.9,97.4,95.0,trailing_12m
2024-09-01,CLI-0155,47124.00,1120.00,0.00,48244.00,6,35,100.0,97.6,95.0,trailing_12m
2024-10-01,CLI-0155,44166.00,875.00,0.00,45041.00,5,33,93.9,97.4,95.0,trailing_12m
2024-11-01,CLI-0155,51510.00,1875.00,0.00,53385.00,5,41,97.6,97.4,95.0,trailing_12m
2024-12-01,CLI-0155,61812.00,1365.00,0.00,63177.00,6,42,97.6,97.2,95.0,trailing_12m
2025-01-01,CLI-0155,35649.00,1385.00,0.00,37034.00,5,31,83.9,96.1,95.0,trailing_12m
2025-02-01,CLI-0155,34170.00,1440.00,0.00,35610.00,5,30,93.3,95.9,95.0,trailing_12m
2025-03-01,CLI-0155,27336.00,980.00,0.00,28316.00,6,24,100.0,96.1,95.0,trailing_12m
2025-04-01,CLI-0155,29274.00,1055.00,0.00,30329.00,5,26,100.0,96.1,95.0,trailing_12m
2025-05-01,CLI-0155,32640.00,1185.00,0.00,33825.00,5,30,93.3,95.6,95.0,trailing_12m
2025-06-01,CLI-0155,27846.00,1065.00,0.00,28911.00,4,24,100.0,96.1,95.0,trailing_12m
2025-07-01,CLI-0155,49215.00,1610.00,0.00,50825.00,5,45,97.8,96.0,95.0,trailing_12m
2025-08-01,CLI-0155,35496.00,875.00,0.00,36371.00,5,34,100.0,96.5,95.0,trailing_12m
2025-09-01,CLI-0155,38607.00,1555.00,0.00,40162.00,5,33,100.0,96.4,95.0,trailing_12m
2025-10-01,CLI-0155,40953.00,1375.00,0.00,42328.00,5,37,100.0,97.0,95.0,trailing_12m
2025-11-01,CLI-0155,51204.00,1780.00,0.00,52984.00,5,46,97.8,97.0,95.0,trailing_12m
2025-12-01,CLI-0155,40902.00,1205.00,0.00,42107.00,5,38,97.4,97.0,95.0,trailing_12m
2020-01-01,CLI-0169,38501.97,1000.46,0.00,39502.43,4,,,,94.0,no_shipment_record
2020-02-01,CLI-0169,30251.55,786.07,0.00,31037.62,4,,,,94.0,no_shipment_record
2020-03-01,CLI-0169,28876.48,750.34,0.00,29626.82,5,,,,94.0,no_shipment_record
2020-04-01,CLI-0169,28876.48,750.34,0.00,29626.82,4,,,,94.0,no_shipment_record
2020-05-01,CLI-0169,28876.48,750.34,0.00,29626.82,4,,,,94.0,no_shipment_record
2020-06-01,CLI-0169,31626.62,821.81,0.00,32448.43,5,,,,94.0,no_shipment_record
2020-07-01,CLI-0169,34376.76,893.27,0.00,35270.03,4,,,,94.0,no_shipment_record
2020-08-01,CLI-0169,41252.11,1071.92,0.00,42324.03,5,,,,94.0,no_shipment_record
2020-09-01,CLI-0169,35751.83,929.00,0.00,36680.83,4,,,,94.0,no_shipment_record
2020-10-01,CLI-0169,35751.83,929.00,0.00,36680.83,4,,,,94.0,no_shipment_record
2020-11-01,CLI-0169,45377.33,1179.11,0.00,46556.44,5,,,,94.0,no_shipment_record
2020-12-01,CLI-0169,46752.40,1214.84,0.00,47967.24,4,,,,94.0,no_shipment_record
2021-01-01,CLI-0169,40725.49,1058.24,0.00,41783.73,4,,,,94.0,no_shipment_record
2021-02-01,CLI-0169,32299.53,839.29,0.00,33138.82,4,,,,94.0,no_shipment_record
2021-03-01,CLI-0169,30895.20,802.80,0.00,31698.00,5,,,,94.0,no_shipment_record
2021-04-01,CLI-0169,30895.20,802.80,0.00,31698.00,4,,,,94.0,no_shipment_record
2021-05-01,CLI-0169,30895.20,802.80,0.00,31698.00,5,,,,94.0,no_shipment_record
2021-06-01,CLI-0169,33703.85,875.78,0.00,34579.63,4,,,,94.0,no_shipment_record
2021-07-01,CLI-0169,36512.51,948.76,0.00,37461.27,4,,,,94.0,no_shipment_record
2021-08-01,CLI-0169,43534.15,1131.22,0.00,44665.37,5,,,,94.0,no_shipment_record
2021-09-01,CLI-0169,39321.16,1021.75,0.00,40342.91,4,,,,94.0,no_shipment_record
2021-10-01,CLI-0169,37916.84,985.25,0.00,38902.09,4,,,,94.0,no_shipment_record
2021-11-01,CLI-0169,47747.13,1240.69,0.00,48987.82,5,,,,94.0,no_shipment_record
2021-12-01,CLI-0169,50555.78,1313.67,0.00,51869.45,4,,,,94.0,no_shipment_record
2022-01-01,CLI-0169,44441.11,1154.79,0.00,45595.90,5,,,,94.0,no_shipment_record
2022-02-01,CLI-0169,34406.02,894.03,0.00,35300.05,4,,,,94.0,no_shipment_record
2022-03-01,CLI-0169,32972.43,856.78,0.00,33829.21,4,,,,94.0,no_shipment_record
2022-04-01,CLI-0169,32972.43,856.78,0.00,33829.21,4,,,,94.0,no_shipment_record
2022-05-01,CLI-0169,32972.43,856.78,0.00,33829.21,5,,,,94.0,no_shipment_record
2022-06-01,CLI-0169,35839.60,931.28,0.00,36770.88,4,,,,94.0,no_shipment_record
2022-07-01,CLI-0169,38706.77,1005.78,0.00,39712.55,4,,,,94.0,no_shipment_record
2022-08-01,CLI-0169,47308.28,1229.29,0.00,48537.57,5,,,,94.0,no_shipment_record
2022-09-01,CLI-0169,41573.94,1080.28,0.00,42654.22,4,,,,94.0,no_shipment_record
2022-10-01,CLI-0169,40140.35,1043.03,0.00,41183.38,5,,,,94.0,no_shipment_record
2022-11-01,CLI-0169,51609.03,1341.04,0.00,52950.07,4,,,,94.0,no_shipment_record
2022-12-01,CLI-0169,53042.61,1378.29,0.00,54420.90,4,,,,94.0,no_shipment_record
2023-01-01,CLI-0169,44992.50,960.00,0.00,45952.50,6,32,96.9,,94.0,partial_history
2023-02-01,CLI-0169,30397.50,800.00,0.00,31197.50,5,25,96.0,,94.0,partial_history
2023-03-01,CLI-0169,38430.00,810.00,0.00,39240.00,5,24,100.0,,94.0,partial_history
2023-04-01,CLI-0169,32760.00,810.00,0.00,33570.00,5,24,100.0,,94.0,partial_history
2023-05-01,CLI-0169,37695.00,1150.00,0.00,38845.00,5,24,100.0,,94.0,partial_history
2023-06-01,CLI-0169,46777.50,1365.00,0.00,48142.50,5,26,88.5,,94.0,partial_history
2023-07-01,CLI-0169,38010.00,630.00,0.00,38640.00,5,28,100.0,,94.0,partial_history
2023-08-01,CLI-0169,45517.50,1780.00,0.00,47297.50,5,34,97.1,,94.0,partial_history
2023-09-01,CLI-0169,49192.50,1045.00,0.00,50237.50,5,30,96.7,,94.0,partial_history
2023-10-01,CLI-0169,39847.50,1225.00,0.00,41072.50,5,29,100.0,,94.0,partial_history
2023-11-01,CLI-0169,55440.00,1460.00,0.00,56900.00,5,37,97.3,,94.0,partial_history
2023-12-01,CLI-0169,55860.00,1345.00,0.00,57205.00,5,39,94.9,,94.0,partial_history
2024-01-01,CLI-0169,45517.50,865.00,0.00,46382.50,5,35,100.0,97.5,94.0,trailing_12m
2024-02-01,CLI-0169,41685.00,1365.00,0.00,43050.00,5,28,96.4,97.5,94.0,trailing_12m
2024-03-01,CLI-0169,50400.00,1215.00,0.00,51615.00,5,33,100.0,97.5,94.0,trailing_12m
2024-04-01,CLI-0169,57225.00,1290.00,0.00,58515.00,4,37,94.6,97.1,94.0,trailing_12m
2024-05-01,CLI-0169,41685.00,1185.00,0.00,42870.00,5,31,96.8,96.9,94.0,trailing_12m
2024-06-01,CLI-0169,35700.00,970.00,0.00,36670.00,4,25,96.0,97.4,95.0,trailing_12m
2024-07-01,CLI-0169,50820.00,1035.00,0.00,51855.00,5,35,100.0,97.5,95.0,trailing_12m
2024-08-01,CLI-0169,52237.50,1035.00,0.00,53272.50,5,35,97.1,97.5,95.0,trailing_12m
2024-09-01,CLI-0169,60322.50,1035.00,0.00,61357.50,6,36,91.7,97.0,95.0,trailing_12m
2024-10-01,CLI-0169,49455.00,1525.00,0.00,50980.00,5,31,93.5,96.5,95.0,trailing_12m
2024-11-01,CLI-0169,66885.00,1780.00,0.00,68665.00,5,46,100.0,96.8,95.0,trailing_12m
2024-12-01,CLI-0169,48090.00,1120.00,0.00,49210.00,5,36,94.4,96.8,95.0,trailing_12m
2025-01-01,CLI-0169,57697.50,1995.00,0.00,59692.50,5,51,78.4,94.3,95.0,trailing_12m
2025-02-01,CLI-0169,37117.50,1270.00,0.00,38387.50,5,33,93.9,94.2,95.0,trailing_12m
2025-03-01,CLI-0169,50242.50,1790.00,0.00,52032.50,6,43,100.0,94.3,95.0,trailing_12m
2025-04-01,CLI-0169,14542.50,405.00,0.00,14947.50,4,13,100.0,94.5,95.0,trailing_12m
2025-05-01,CLI-0169,23100.00,950.00,0.00,24050.00,5,20,95.0,94.3,95.0,trailing_12m
2025-06-01,CLI-0169,34597.50,1045.00,0.00,35642.50,5,31,100.0,94.6,95.0,trailing_12m
2025-07-01,CLI-0169,29557.50,800.00,0.00,30357.50,5,27,100.0,94.5,95.0,trailing_12m
2025-08-01,CLI-0169,39112.50,1205.00,0.00,40317.50,5,35,100.0,94.8,95.0,trailing_12m
2025-09-01,CLI-0169,38115.00,1270.00,0.00,39385.00,5,34,94.1,95.0,95.0,trailing_12m
2025-10-01,CLI-0169,26512.50,630.00,0.00,27142.50,5,25,100.0,95.4,95.0,trailing_12m
2025-11-01,CLI-0169,47827.50,1970.00,0.00,49797.50,5,39,92.3,94.6,95.0,trailing_12m
2025-12-01,CLI-0169,48667.50,1535.00,0.00,50202.50,5,43,95.3,94.7,95.0,trailing_12m
2020-01-01,CLI-0201,50600.86,1128.87,0.00,51729.73,4,,,,91.0,no_shipment_record
2020-02-01,CLI-0201,36545.07,815.29,0.00,37360.36,4,,,,91.0,no_shipment_record
2020-03-01,CLI-0201,44978.54,1003.44,0.00,45981.98,5,,,,91.0,no_shipment_record
2020-04-01,CLI-0201,37950.65,846.65,0.00,38797.30,4,,,,91.0,no_shipment_record
2020-05-01,CLI-0201,36545.07,815.29,0.00,37360.36,4,,,,91.0,no_shipment_record
2020-06-01,CLI-0201,40761.81,909.37,0.00,41671.18,5,,,,91.0,no_shipment_record
2020-07-01,CLI-0201,47789.70,1066.15,0.00,48855.85,4,,,,91.0,no_shipment_record
2020-08-01,CLI-0201,46384.12,1034.80,0.00,47418.92,5,,,,91.0,no_shipment_record
2020-09-01,CLI-0201,37950.65,846.65,0.00,38797.30,4,,,,91.0,no_shipment_record
2020-10-01,CLI-0201,46384.12,1034.80,0.00,47418.92,4,,,,91.0,no_shipment_record
2020-11-01,CLI-0201,64656.66,1442.44,0.00,66099.10,5,,,,91.0,no_shipment_record
2020-12-01,CLI-0201,68873.40,1536.52,0.00,70409.92,4,,,,91.0,no_shipment_record
2021-01-01,CLI-0201,54548.45,1216.94,0.00,55765.39,4,,,,91.0,no_shipment_record
2021-02-01,CLI-0201,40193.59,896.69,0.00,41090.28,4,,,,91.0,no_shipment_record
2021-03-01,CLI-0201,47371.02,1056.81,0.00,48427.83,5,,,,91.0,no_shipment_record
2021-04-01,CLI-0201,41629.08,928.72,0.00,42557.80,4,,,,91.0,no_shipment_record
2021-05-01,CLI-0201,38758.11,864.67,0.00,39622.78,5,,,,91.0,no_shipment_record
2021-06-01,CLI-0201,43064.56,960.74,0.00,44025.30,4,,,,91.0,no_shipment_record
2021-07-01,CLI-0201,51677.48,1152.89,0.00,52830.37,4,,,,91.0,no_shipment_record
2021-08-01,CLI-0201,50241.99,1120.86,0.00,51362.85,5,,,,91.0,no_shipment_record
2021-09-01,CLI-0201,41629.08,928.72,0.00,42557.80,4,,,,91.0,no_shipment_record
2021-10-01,CLI-0201,50241.99,1120.86,0.00,51362.85,4,,,,91.0,no_shipment_record
2021-11-01,CLI-0201,68903.30,1537.18,0.00,70440.48,5,,,,91.0,no_shipment_record
2021-12-01,CLI-0201,74645.24,1665.28,0.00,76310.52,4,,,,91.0,no_shipment_record
2022-01-01,CLI-0201,57150.26,1274.98,0.00,58425.24,5,,,,91.0,no_shipment_record
2022-02-01,CLI-0201,42496.35,948.06,0.00,43444.41,4,,,,91.0,no_shipment_record
2022-03-01,CLI-0201,51288.70,1144.21,0.00,52432.91,4,,,,91.0,no_shipment_record
2022-04-01,CLI-0201,43961.74,980.76,0.00,44942.50,4,,,,91.0,no_shipment_record
2022-05-01,CLI-0201,41030.96,915.37,0.00,41946.33,5,,,,91.0,no_shipment_record
2022-06-01,CLI-0201,46892.53,1046.14,0.00,47938.67,4,,,,91.0,no_shipment_record
2022-07-01,CLI-0201,54219.48,1209.60,0.00,55429.08,4,,,,91.0,no_shipment_record
2022-08-01,CLI-0201,52754.09,1176.91,0.00,53931.00,5,,,,91.0,no_shipment_record
2022-09-01,CLI-0201,43961.74,980.76,0.00,44942.50,4,,,,91.0,no_shipment_record
2022-10-01,CLI-0201,52754.09,1176.91,0.00,53931.00,5,,,,91.0,no_shipment_record
2022-11-01,CLI-0201,73269.57,1634.59,0.00,74904.16,4,,,,91.0,no_shipment_record
2022-12-01,CLI-0201,79131.14,1765.36,0.00,80896.50,4,,,,91.0,no_shipment_record
2023-01-01,CLI-0201,64845.00,1845.00,0.00,66690.00,6,41,95.1,,91.0,partial_history
2023-02-01,CLI-0201,40975.00,790.00,0.00,41765.00,5,30,100.0,,91.0,partial_history
2023-03-01,CLI-0201,53515.00,1375.00,0.00,54890.00,5,36,88.9,,91.0,partial_history
2023-04-01,CLI-0201,46255.00,1215.00,0.00,47470.00,4,31,100.0,,91.0,partial_history
2023-05-01,CLI-0201,44550.00,970.00,0.00,45520.00,5,29,100.0,,91.0,partial_history
2023-06-01,CLI-0201,49280.00,1130.00,0.00,50410.00,5,33,100.0,,91.0,partial_history
2023-07-01,CLI-0201,55000.00,1120.00,0.00,56120.00,5,39,100.0,,91.0,partial_history
2023-08-01,CLI-0201,62480.00,1430.00,0.00,63910.00,5,38,97.4,,91.0,partial_history
2023-09-01,CLI-0201,42185.00,1045.00,0.00,43230.00,5,31,93.5,,91.0,partial_history
2023-10-01,CLI-0201,55055.00,1290.00,0.00,56345.00,5,38,100.0,,91.0,partial_history
2023-11-01,CLI-0201,82500.00,1430.00,0.00,83930.00,5,52,98.1,,91.0,partial_history
2023-12-01,CLI-0201,82225.00,1505.00,0.00,83730.00,5,56,96.4,,91.0,partial_history
2024-01-01,CLI-0201,67485.00,1475.00,0.00,68960.00,5,41,92.7,97.1,91.0,trailing_12m
2024-02-01,CLI-0201,45430.00,1525.00,0.00,46955.00,5,32,93.8,96.7,91.0,trailing_12m
2024-03-01,CLI-0201,53350.00,1120.00,0.00,54470.00,5,36,97.2,97.4,91.0,trailing_12m
2024-04-01,CLI-0201,39600.00,1195.00,0.00,40795.00,5,28,92.9,96.9,91.0,trailing_12m
2024-05-01,CLI-0201,39105.00,1140.00,0.00,40245.00,5,27,100.0,96.9,91.0,trailing_12m
2024-06-01,CLI-0201,47245.00,1045.00,0.00,48290.00,5,33,100.0,96.9,92.0,trailing_12m
2024-07-01,CLI-0201,49005.00,1385.00,0.00,50390.00,5,34,100.0,96.9,92.0,trailing_12m
2024-08-01,CLI-0201,60060.00,1195.00,0.00,61255.00,5,41,97.6,96.9,92.0,trailing_12m
2024-09-01,CLI-0201,57640.00,1460.00,0.00,59100.00,5,38,100.0,97.4,92.0,trailing_12m
2024-10-01,CLI-0201,42020.00,970.00,0.00,42990.00,5,28,96.4,97.1,92.0,trailing_12m
2024-11-01,CLI-0201,51645.00,1015.00,0.00,52660.00,4,34,97.1,97.0,92.0,trailing_12m
2024-12-01,CLI-0201,68090.00,1890.00,0.00,69980.00,5,48,95.8,96.9,92.0,trailing_12m
2025-01-01,CLI-0201,41580.00,1385.00,0.00,42965.00,5,34,91.2,96.9,92.0,trailing_12m
2025-02-01,CLI-0201,33165.00,1140.00,0.00,34305.00,5,27,100.0,97.3,92.0,trailing_12m
2025-03-01,CLI-0201,35310.00,1450.00,0.00,36760.00,6,28,96.4,97.3,92.0,trailing_12m
2025-04-01,CLI-0201,41470.00,1260.00,0.00,42730.00,5,36,97.2,97.5,92.0,trailing_12m
2025-05-01,CLI-0201,39985.00,1580.00,0.00,41565.00,5,33,87.9,96.6,92.0,trailing_12m
2025-06-01,CLI-0201,42735.00,1725.00,0.00,44460.00,5,33,97.0,96.4,92.0,trailing_12m
2025-07-01,CLI-0201,48950.00,1705.00,0.00,50655.00,5,40,100.0,96.4,92.0,trailing_12m
2025-08-01,CLI-0201,38995.00,1470.00,0.00,40465.00,5,31,90.3,95.9,92.0,trailing_12m
2025-09-01,CLI-0201,34155.00,970.00,0.00,35125.00,5,29,100.0,95.8,92.0,trailing_12m
2025-10-01,CLI-0201,41030.00,1440.00,0.00,42470.00,5,34,97.1,95.8,92.0,trailing_12m
2025-11-01,CLI-0201,44605.00,1400.00,0.00,46005.00,5,39,92.3,95.4,92.0,trailing_12m
2025-12-01,CLI-0201,63800.00,2955.00,0.00,66755.00,5,50,90.0,94.7,92.0,trailing_12m
